datetime,open,high,low,close
2020-07-02 17:15:00,25093.0,25093.0,25093.0,25093.0
2020-07-02 17:30:00,,,,
2020-07-02 17:45:00,25080.0,25088.0,25080.0,25088.0
2020-07-02 18:00:00,25086.0,25086.0,25059.0,25059.0
2020-07-02 18:15:00,,,,
2020-07-02 18:30:00,,,,
2020-07-02 18:45:00,25032.0,25032.0,25032.0,25032.0
2020-07-02 19:00:00,,,,
2020-07-02 19:15:00,,,,
2020-07-02 19:30:00,,,,
2020-07-02 19:45:00,,,,
2020-07-02 20:00:00,,,,
2020-07-02 20:15:00,,,,
2020-07-02 20:30:00,25093.0,25144.0,25093.0,25144.0
2020-07-02 20:45:00,25139.0,25144.0,25139.0,25142.0
2020-07-02 21:00:00,,,,
2020-07-02 21:15:00,,,,
2020-07-02 21:30:00,25145.0,25145.0,25145.0,25145.0
2020-07-02 21:45:00,,,,
2020-07-02 22:00:00,25175.0,25175.0,25150.0,25150.0
2020-07-02 22:15:00,25178.0,25185.0,25050.0,25050.0
2020-07-02 22:30:00,25016.0,25066.0,25016.0,25062.0
2020-07-02 22:45:00,25050.0,25050.0,25000.0,25004.0
2020-07-02 23:00:00,,,,
2020-07-02 23:15:00,24978.0,24978.0,24978.0,24978.0
2020-07-02 23:30:00,25052.0,25052.0,25052.0,25052.0
2020-07-02 23:45:00,,,,
2020-07-03 00:00:00,,,,
2020-07-03 00:15:00,,,,
2020-07-03 00:30:00,,,,
2020-07-03 00:45:00,,,,
2020-07-03 01:00:00,,,,
2020-07-03 01:15:00,25100.0,25100.0,25100.0,25100.0
2020-07-03 01:30:00,,,,
2020-07-03 01:45:00,25129.0,25129.0,25129.0,25129.0
2020-07-03 02:00:00,,,,
2020-07-03 02:15:00,,,,
2020-07-03 02:30:00,,,,
2020-07-03 02:45:00,25130.0,25130.0,25130.0,25130.0
2020-07-03 03:00:00,,,,
2020-07-03 03:15:00,,,,
2020-07-03 03:30:00,,,,
2020-07-03 03:45:00,,,,
2020-07-03 04:00:00,,,,
2020-07-03 04:15:00,,,,
2020-07-03 04:30:00,,,,
2020-07-03 04:45:00,,,,
2020-07-03 05:00:00,,,,
2020-07-03 05:15:00,,,,
2020-07-03 05:30:00,,,,
2020-07-03 05:45:00,,,,
2020-07-03 06:00:00,,,,
2020-07-03 06:15:00,,,,
2020-07-03 06:30:00,,,,
2020-07-03 06:45:00,,,,
2020-07-03 07:00:00,,,,
2020-07-03 07:15:00,,,,
2020-07-03 07:30:00,,,,
2020-07-03 07:45:00,,,,
2020-07-03 08:00:00,,,,
2020-07-03 08:15:00,,,,
2020-07-03 08:30:00,,,,
2020-07-03 08:45:00,,,,
2020-07-03 09:00:00,,,,
2020-07-03 09:15:00,,,,
2020-07-03 09:30:00,,,,
2020-07-03 09:45:00,,,,
2020-07-03 10:00:00,,,,
2020-07-03 10:15:00,,,,
2020-07-03 10:30:00,,,,
2020-07-03 10:45:00,,,,
2020-07-03 11:00:00,,,,
2020-07-03 11:15:00,,,,
2020-07-03 11:30:00,,,,
2020-07-03 11:45:00,,,,
2020-07-03 12:00:00,,,,
2020-07-03 12:15:00,,,,
2020-07-03 12:30:00,,,,
2020-07-03 12:45:00,,,,
2020-07-03 13:00:00,,,,
2020-07-03 13:15:00,,,,
2020-07-03 13:30:00,,,,
2020-07-03 13:45:00,,,,
2020-07-03 14:00:00,,,,
2020-07-03 14:15:00,,,,
2020-07-03 14:30:00,,,,
2020-07-03 14:45:00,,,,
2020-07-03 15:00:00,,,,
2020-07-03 15:15:00,,,,
2020-07-03 15:30:00,,,,
2020-07-03 15:45:00,,,,
2020-07-03 16:00:00,,,,
2020-07-03 16:15:00,,,,
2020-07-03 16:30:00,,,,
2020-07-03 16:45:00,,,,
2020-07-03 17:00:00,,,,
2020-07-03 17:15:00,,,,
2020-07-03 17:30:00,,,,
2020-07-03 17:45:00,,,,
2020-07-03 18:00:00,25213.0,25213.0,25213.0,25213.0
2020-07-03 18:15:00,,,,
2020-07-03 18:30:00,25239.0,25239.0,25239.0,25239.0
2020-07-03 18:45:00,,,,
2020-07-03 19:00:00,25249.0,25249.0,25249.0,25249.0
2020-07-03 19:15:00,25240.0,25240.0,25240.0,25240.0
2020-07-03 19:30:00,25243.0,25245.0,25243.0,25245.0
2020-07-03 19:45:00,,,,
2020-07-03 20:00:00,25211.0,25211.0,25211.0,25211.0
2020-07-03 20:15:00,,,,
2020-07-03 20:30:00,25247.0,25247.0,25247.0,25247.0
2020-07-03 20:45:00,,,,
2020-07-03 21:00:00,,,,
2020-07-03 21:15:00,25239.0,25239.0,25237.0,25237.0
2020-07-03 21:30:00,25241.0,25241.0,25241.0,25241.0
2020-07-03 21:45:00,,,,
2020-07-03 22:00:00,25235.0,25237.0,25235.0,25237.0
2020-07-03 22:15:00,25237.0,25237.0,25237.0,25237.0
2020-07-03 22:30:00,25218.0,25218.0,25177.0,25181.0
2020-07-03 22:45:00,,,,
2020-07-03 23:00:00,25199.0,25199.0,25199.0,25199.0
2020-07-03 23:15:00,,,,
2020-07-03 23:30:00,25207.0,25207.0,25207.0,25207.0
2020-07-03 23:45:00,25217.0,25217.0,25217.0,25217.0
2020-07-04 00:00:00,,,,
2020-07-04 00:15:00,,,,
2020-07-04 00:30:00,,,,
2020-07-04 00:45:00,,,,
2020-07-04 01:00:00,25210.0,25210.0,25210.0,25210.0
2020-07-04 01:15:00,,,,
2020-07-04 01:30:00,,,,
2020-07-04 01:45:00,,,,
2020-07-04 02:00:00,,,,
2020-07-04 02:15:00,,,,
2020-07-04 02:30:00,,,,
2020-07-04 02:45:00,,,,
2020-07-04 03:00:00,,,,
2020-07-04 03:15:00,,,,
2020-07-04 03:30:00,,,,
2020-07-04 03:45:00,,,,
2020-07-04 04:00:00,,,,
2020-07-04 04:15:00,,,,
2020-07-04 04:30:00,,,,
2020-07-04 04:45:00,,,,
2020-07-04 05:00:00,,,,
2020-07-04 05:15:00,,,,
2020-07-04 05:30:00,,,,
2020-07-04 05:45:00,,,,
2020-07-04 06:00:00,,,,
2020-07-04 06:15:00,,,,
2020-07-04 06:30:00,,,,
2020-07-04 06:45:00,,,,
2020-07-04 07:00:00,,,,
2020-07-04 07:15:00,,,,
2020-07-04 07:30:00,,,,
2020-07-04 07:45:00,,,,
2020-07-04 08:00:00,,,,
2020-07-04 08:15:00,,,,
2020-07-04 08:30:00,,,,
2020-07-04 08:45:00,,,,
2020-07-04 09:00:00,,,,
2020-07-04 09:15:00,,,,
2020-07-04 09:30:00,,,,
2020-07-04 09:45:00,,,,
2020-07-04 10:00:00,,,,
2020-07-04 10:15:00,,,,
2020-07-04 10:30:00,,,,
2020-07-04 10:45:00,,,,
2020-07-04 11:00:00,,,,
2020-07-04 11:15:00,,,,
2020-07-04 11:30:00,,,,
2020-07-04 11:45:00,,,,
2020-07-04 12:00:00,,,,
2020-07-04 12:15:00,,,,
2020-07-04 12:30:00,,,,
2020-07-04 12:45:00,,,,
2020-07-04 13:00:00,,,,
2020-07-04 13:15:00,,,,
2020-07-04 13:30:00,,,,
2020-07-04 13:45:00,,,,
2020-07-04 14:00:00,,,,
2020-07-04 14:15:00,,,,
2020-07-04 14:30:00,,,,
2020-07-04 14:45:00,,,,
2020-07-04 15:00:00,,,,
2020-07-04 15:15:00,,,,
2020-07-04 15:30:00,,,,
2020-07-04 15:45:00,,,,
2020-07-04 16:00:00,,,,
2020-07-04 16:15:00,,,,
2020-07-04 16:30:00,,,,
2020-07-04 16:45:00,,,,
2020-07-04 17:00:00,,,,
2020-07-04 17:15:00,,,,
2020-07-04 17:30:00,,,,
2020-07-04 17:45:00,,,,
2020-07-04 18:00:00,,,,
2020-07-04 18:15:00,,,,
2020-07-04 18:30:00,,,,
2020-07-04 18:45:00,,,,
2020-07-04 19:00:00,,,,
2020-07-04 19:15:00,,,,
2020-07-04 19:30:00,,,,
2020-07-04 19:45:00,,,,
2020-07-04 20:00:00,,,,
2020-07-04 20:15:00,,,,
2020-07-04 20:30:00,,,,
2020-07-04 20:45:00,,,,
2020-07-04 21:00:00,,,,
2020-07-04 21:15:00,,,,
2020-07-04 21:30:00,,,,
2020-07-04 21:45:00,,,,
2020-07-04 22:00:00,,,,
2020-07-04 22:15:00,,,,
2020-07-04 22:30:00,,,,
2020-07-04 22:45:00,,,,
2020-07-04 23:00:00,,,,
2020-07-04 23:15:00,,,,
2020-07-04 23:30:00,,,,
2020-07-04 23:45:00,,,,
2020-07-05 00:00:00,,,,
2020-07-05 00:15:00,,,,
2020-07-05 00:30:00,,,,
2020-07-05 00:45:00,,,,
2020-07-05 01:00:00,,,,
2020-07-05 01:15:00,,,,
2020-07-05 01:30:00,,,,
2020-07-05 01:45:00,,,,
2020-07-05 02:00:00,,,,
2020-07-05 02:15:00,,,,
2020-07-05 02:30:00,,,,
2020-07-05 02:45:00,,,,
2020-07-05 03:00:00,,,,
2020-07-05 03:15:00,,,,
2020-07-05 03:30:00,,,,
2020-07-05 03:45:00,,,,
2020-07-05 04:00:00,,,,
2020-07-05 04:15:00,,,,
2020-07-05 04:30:00,,,,
2020-07-05 04:45:00,,,,
2020-07-05 05:00:00,,,,
2020-07-05 05:15:00,,,,
2020-07-05 05:30:00,,,,
2020-07-05 05:45:00,,,,
2020-07-05 06:00:00,,,,
2020-07-05 06:15:00,,,,
2020-07-05 06:30:00,,,,
2020-07-05 06:45:00,,,,
2020-07-05 07:00:00,,,,
2020-07-05 07:15:00,,,,
2020-07-05 07:30:00,,,,
2020-07-05 07:45:00,,,,
2020-07-05 08:00:00,,,,
2020-07-05 08:15:00,,,,
2020-07-05 08:30:00,,,,
2020-07-05 08:45:00,,,,
2020-07-05 09:00:00,,,,
2020-07-05 09:15:00,,,,
2020-07-05 09:30:00,,,,
2020-07-05 09:45:00,,,,
2020-07-05 10:00:00,,,,
2020-07-05 10:15:00,,,,
2020-07-05 10:30:00,,,,
2020-07-05 10:45:00,,,,
2020-07-05 11:00:00,,,,
2020-07-05 11:15:00,,,,
2020-07-05 11:30:00,,,,
2020-07-05 11:45:00,,,,
2020-07-05 12:00:00,,,,
2020-07-05 12:15:00,,,,
2020-07-05 12:30:00,,,,
2020-07-05 12:45:00,,,,
2020-07-05 13:00:00,,,,
2020-07-05 13:15:00,,,,
2020-07-05 13:30:00,,,,
2020-07-05 13:45:00,,,,
2020-07-05 14:00:00,,,,
2020-07-05 14:15:00,,,,
2020-07-05 14:30:00,,,,
2020-07-05 14:45:00,,,,
2020-07-05 15:00:00,,,,
2020-07-05 15:15:00,,,,
2020-07-05 15:30:00,,,,
2020-07-05 15:45:00,,,,
2020-07-05 16:00:00,,,,
2020-07-05 16:15:00,,,,
2020-07-05 16:30:00,,,,
2020-07-05 16:45:00,,,,
2020-07-05 17:00:00,,,,
2020-07-05 17:15:00,,,,
2020-07-05 17:30:00,,,,
2020-07-05 17:45:00,,,,
2020-07-05 18:00:00,,,,
2020-07-05 18:15:00,,,,
2020-07-05 18:30:00,,,,
2020-07-05 18:45:00,,,,
2020-07-05 19:00:00,,,,
2020-07-05 19:15:00,,,,
2020-07-05 19:30:00,,,,
2020-07-05 19:45:00,,,,
2020-07-05 20:00:00,,,,
2020-07-05 20:15:00,,,,
2020-07-05 20:30:00,,,,
2020-07-05 20:45:00,,,,
2020-07-05 21:00:00,,,,
2020-07-05 21:15:00,,,,
2020-07-05 21:30:00,,,,
2020-07-05 21:45:00,,,,
2020-07-05 22:00:00,,,,
2020-07-05 22:15:00,,,,
2020-07-05 22:30:00,,,,
2020-07-05 22:45:00,,,,
2020-07-05 23:00:00,,,,
2020-07-05 23:15:00,,,,
2020-07-05 23:30:00,,,,
2020-07-05 23:45:00,,,,
2020-07-06 00:00:00,,,,
2020-07-06 00:15:00,,,,
2020-07-06 00:30:00,,,,
2020-07-06 00:45:00,,,,
2020-07-06 01:00:00,,,,
2020-07-06 01:15:00,,,,
2020-07-06 01:30:00,,,,
2020-07-06 01:45:00,,,,
2020-07-06 02:00:00,,,,
2020-07-06 02:15:00,,,,
2020-07-06 02:30:00,,,,
2020-07-06 02:45:00,,,,
2020-07-06 03:00:00,,,,
2020-07-06 03:15:00,,,,
2020-07-06 03:30:00,,,,
2020-07-06 03:45:00,,,,
2020-07-06 04:00:00,,,,
2020-07-06 04:15:00,,,,
2020-07-06 04:30:00,,,,
2020-07-06 04:45:00,,,,
2020-07-06 05:00:00,,,,
2020-07-06 05:15:00,,,,
2020-07-06 05:30:00,,,,
2020-07-06 05:45:00,,,,
2020-07-06 06:00:00,,,,
2020-07-06 06:15:00,,,,
2020-07-06 06:30:00,,,,
2020-07-06 06:45:00,,,,
2020-07-06 07:00:00,,,,
2020-07-06 07:15:00,,,,
2020-07-06 07:30:00,,,,
2020-07-06 07:45:00,,,,
2020-07-06 08:00:00,,,,
2020-07-06 08:15:00,,,,
2020-07-06 08:30:00,,,,
2020-07-06 08:45:00,,,,
2020-07-06 09:00:00,,,,
2020-07-06 09:15:00,,,,
2020-07-06 09:30:00,,,,
2020-07-06 09:45:00,,,,
2020-07-06 10:00:00,,,,
2020-07-06 10:15:00,,,,
2020-07-06 10:30:00,,,,
2020-07-06 10:45:00,,,,
2020-07-06 11:00:00,,,,
2020-07-06 11:15:00,,,,
2020-07-06 11:30:00,,,,
2020-07-06 11:45:00,,,,
2020-07-06 12:00:00,,,,
2020-07-06 12:15:00,,,,
2020-07-06 12:30:00,,,,
2020-07-06 12:45:00,,,,
2020-07-06 13:00:00,,,,
2020-07-06 13:15:00,,,,
2020-07-06 13:30:00,,,,
2020-07-06 13:45:00,,,,
2020-07-06 14:00:00,,,,
2020-07-06 14:15:00,,,,
2020-07-06 14:30:00,,,,
2020-07-06 14:45:00,,,,
2020-07-06 15:00:00,,,,
2020-07-06 15:15:00,,,,
2020-07-06 15:30:00,,,,
2020-07-06 15:45:00,,,,
2020-07-06 16:00:00,,,,
2020-07-06 16:15:00,,,,
2020-07-06 16:30:00,,,,
2020-07-06 16:45:00,,,,
2020-07-06 17:00:00,,,,
2020-07-06 17:15:00,,,,
2020-07-06 17:30:00,26289.0,26291.0,26280.0,26284.0
2020-07-06 17:45:00,26286.0,26288.0,26275.0,26280.0
2020-07-06 18:00:00,26270.0,26304.0,26270.0,26304.0
2020-07-06 18:15:00,26320.0,26320.0,26320.0,26320.0
2020-07-06 18:30:00,,,,
2020-07-06 18:45:00,,,,
2020-07-06 19:00:00,26306.0,26306.0,26306.0,26306.0
2020-07-06 19:15:00,26323.0,26323.0,26323.0,26323.0
2020-07-06 19:30:00,,,,
2020-07-06 19:45:00,,,,
2020-07-06 20:00:00,26375.0,26384.0,26375.0,26384.0
2020-07-06 20:15:00,26391.0,26400.0,26391.0,26400.0
2020-07-06 20:30:00,,,,
2020-07-06 20:45:00,26455.0,26455.0,26455.0,26455.0
2020-07-06 21:00:00,,,,
2020-07-06 21:15:00,26451.0,26451.0,26400.0,26400.0
2020-07-06 21:30:00,26458.0,26480.0,26458.0,26459.0
2020-07-06 21:45:00,26488.0,26514.0,26484.0,26505.0
2020-07-06 22:00:00,26505.0,26520.0,26505.0,26520.0
2020-07-06 22:15:00,26506.0,26506.0,26467.0,26469.0
2020-07-06 22:30:00,26504.0,26504.0,26504.0,26504.0
2020-07-06 22:45:00,26540.0,26555.0,26540.0,26555.0
2020-07-06 23:00:00,26554.0,26554.0,26554.0,26554.0
2020-07-06 23:15:00,,,,
2020-07-06 23:30:00,,,,
2020-07-06 23:45:00,26520.0,26520.0,26520.0,26520.0
2020-07-07 00:00:00,26514.0,26514.0,26514.0,26514.0
2020-07-07 00:15:00,,,,
2020-07-07 00:30:00,,,,
2020-07-07 00:45:00,,,,
2020-07-07 01:00:00,,,,
2020-07-07 01:15:00,,,,
2020-07-07 01:30:00,,,,
2020-07-07 01:45:00,26530.0,26530.0,26530.0,26530.0
2020-07-07 02:00:00,,,,
2020-07-07 02:15:00,,,,
2020-07-07 02:30:00,,,,
2020-07-07 02:45:00,,,,
2020-07-07 03:00:00,,,,
2020-07-07 03:15:00,,,,
2020-07-07 03:30:00,,,,
2020-07-07 03:45:00,,,,
2020-07-07 04:00:00,,,,
2020-07-07 04:15:00,,,,
2020-07-07 04:30:00,,,,
2020-07-07 04:45:00,,,,
2020-07-07 05:00:00,,,,
2020-07-07 05:15:00,,,,
2020-07-07 05:30:00,,,,
2020-07-07 05:45:00,,,,
2020-07-07 06:00:00,,,,
2020-07-07 06:15:00,,,,
2020-07-07 06:30:00,,,,
2020-07-07 06:45:00,,,,
2020-07-07 07:00:00,,,,
2020-07-07 07:15:00,,,,
2020-07-07 07:30:00,,,,
2020-07-07 07:45:00,,,,
2020-07-07 08:00:00,,,,
2020-07-07 08:15:00,,,,
2020-07-07 08:30:00,,,,
2020-07-07 08:45:00,,,,
2020-07-07 09:00:00,,,,
2020-07-07 09:15:00,,,,
2020-07-07 09:30:00,,,,
2020-07-07 09:45:00,,,,
2020-07-07 10:00:00,,,,
2020-07-07 10:15:00,,,,
2020-07-07 10:30:00,,,,
2020-07-07 10:45:00,,,,
2020-07-07 11:00:00,,,,
2020-07-07 11:15:00,,,,
2020-07-07 11:30:00,,,,
2020-07-07 11:45:00,,,,
2020-07-07 12:00:00,,,,
2020-07-07 12:15:00,,,,
2020-07-07 12:30:00,,,,
2020-07-07 12:45:00,,,,
2020-07-07 13:00:00,,,,
2020-07-07 13:15:00,,,,
2020-07-07 13:30:00,,,,
2020-07-07 13:45:00,,,,
2020-07-07 14:00:00,,,,
2020-07-07 14:15:00,,,,
2020-07-07 14:30:00,,,,
2020-07-07 14:45:00,,,,
2020-07-07 15:00:00,,,,
2020-07-07 15:15:00,,,,
2020-07-07 15:30:00,,,,
2020-07-07 15:45:00,,,,
2020-07-07 16:00:00,,,,
2020-07-07 16:15:00,,,,
2020-07-07 16:30:00,,,,
2020-07-07 16:45:00,,,,
2020-07-07 17:00:00,,,,
2020-07-07 17:15:00,25905.0,25905.0,25870.0,25870.0
2020-07-07 17:30:00,,,,
2020-07-07 17:45:00,,,,
2020-07-07 18:00:00,25935.0,25935.0,25935.0,25935.0
2020-07-07 18:15:00,25935.0,25935.0,25935.0,25935.0
2020-07-07 18:30:00,26014.0,26014.0,25996.0,25996.0
2020-07-07 18:45:00,25998.0,25998.0,25998.0,25998.0
2020-07-07 19:00:00,26020.0,26023.0,26020.0,26023.0
2020-07-07 19:15:00,26045.0,26045.0,26045.0,26045.0
2020-07-07 19:30:00,26036.0,26036.0,26036.0,26036.0
2020-07-07 19:45:00,,,,
2020-07-07 20:00:00,,,,
2020-07-07 20:15:00,,,,
2020-07-07 20:30:00,26011.0,26026.0,26011.0,26026.0
2020-07-07 20:45:00,,,,
2020-07-07 21:00:00,,,,
2020-07-07 21:15:00,26055.0,26065.0,26055.0,26065.0
2020-07-07 21:30:00,26112.0,26112.0,26069.0,26069.0
2020-07-07 21:45:00,26081.0,26113.0,26081.0,26113.0
2020-07-07 22:00:00,26098.0,26205.0,26098.0,26195.0
2020-07-07 22:15:00,26203.0,26203.0,26203.0,26203.0
2020-07-07 22:30:00,,,,
2020-07-07 22:45:00,,,,
2020-07-07 23:00:00,,,,
2020-07-07 23:15:00,26209.0,26209.0,26209.0,26209.0
2020-07-07 23:30:00,,,,
2020-07-07 23:45:00,,,,
2020-07-08 00:00:00,26120.0,26120.0,26117.0,26117.0
2020-07-08 00:15:00,,,,
2020-07-08 00:30:00,26100.0,26100.0,26100.0,26100.0
2020-07-08 00:45:00,,,,
2020-07-08 01:00:00,,,,
2020-07-08 01:15:00,,,,
2020-07-08 01:30:00,,,,
2020-07-08 01:45:00,,,,
2020-07-08 02:00:00,,,,
2020-07-08 02:15:00,,,,
2020-07-08 02:30:00,,,,
2020-07-08 02:45:00,26055.0,26055.0,26047.0,26050.0
2020-07-08 03:00:00,,,,
2020-07-08 03:15:00,,,,
2020-07-08 03:30:00,,,,
2020-07-08 03:45:00,,,,
2020-07-08 04:00:00,,,,
2020-07-08 04:15:00,,,,
2020-07-08 04:30:00,,,,
2020-07-08 04:45:00,,,,
2020-07-08 05:00:00,,,,
2020-07-08 05:15:00,,,,
2020-07-08 05:30:00,,,,
2020-07-08 05:45:00,,,,
2020-07-08 06:00:00,,,,
2020-07-08 06:15:00,,,,
2020-07-08 06:30:00,,,,
2020-07-08 06:45:00,,,,
2020-07-08 07:00:00,,,,
2020-07-08 07:15:00,,,,
2020-07-08 07:30:00,,,,
2020-07-08 07:45:00,,,,
2020-07-08 08:00:00,,,,
2020-07-08 08:15:00,,,,
2020-07-08 08:30:00,,,,
2020-07-08 08:45:00,,,,
2020-07-08 09:00:00,,,,
2020-07-08 09:15:00,,,,
2020-07-08 09:30:00,,,,
2020-07-08 09:45:00,,,,
2020-07-08 10:00:00,,,,
2020-07-08 10:15:00,,,,
2020-07-08 10:30:00,,,,
2020-07-08 10:45:00,,,,
2020-07-08 11:00:00,,,,
2020-07-08 11:15:00,,,,
2020-07-08 11:30:00,,,,
2020-07-08 11:45:00,,,,
2020-07-08 12:00:00,,,,
2020-07-08 12:15:00,,,,
2020-07-08 12:30:00,,,,
2020-07-08 12:45:00,,,,
2020-07-08 13:00:00,,,,
2020-07-08 13:15:00,,,,
2020-07-08 13:30:00,,,,
2020-07-08 13:45:00,,,,
2020-07-08 14:00:00,,,,
2020-07-08 14:15:00,,,,
2020-07-08 14:30:00,,,,
2020-07-08 14:45:00,,,,
2020-07-08 15:00:00,,,,
2020-07-08 15:15:00,,,,
2020-07-08 15:30:00,,,,
2020-07-08 15:45:00,,,,
2020-07-08 16:00:00,,,,
2020-07-08 16:15:00,,,,
2020-07-08 16:30:00,,,,
2020-07-08 16:45:00,,,,
2020-07-08 17:00:00,,,,
2020-07-08 17:15:00,25978.0,25978.0,25978.0,25978.0
2020-07-08 17:30:00,25997.0,25997.0,25997.0,25997.0
2020-07-08 17:45:00,25978.0,25978.0,25978.0,25978.0
2020-07-08 18:00:00,,,,
2020-07-08 18:15:00,26018.0,26018.0,26018.0,26018.0
2020-07-08 18:30:00,26028.0,26040.0,26028.0,26040.0
2020-07-08 18:45:00,26052.0,26052.0,26052.0,26052.0
2020-07-08 19:00:00,,,,
2020-07-08 19:15:00,,,,
2020-07-08 19:30:00,26044.0,26044.0,26044.0,26044.0
2020-07-08 19:45:00,,,,
2020-07-08 20:00:00,,,,
2020-07-08 20:15:00,26073.0,26073.0,26073.0,26073.0
2020-07-08 20:30:00,26049.0,26049.0,26031.0,26031.0
2020-07-08 20:45:00,26033.0,26033.0,26033.0,26033.0
2020-07-08 21:00:00,26081.0,26081.0,26081.0,26081.0
2020-07-08 21:15:00,26086.0,26086.0,26086.0,26086.0
2020-07-08 21:30:00,26099.0,26150.0,26083.0,26130.0
2020-07-08 21:45:00,,,,
2020-07-08 22:00:00,,,,
2020-07-08 22:15:00,,,,
2020-07-08 22:30:00,26150.0,26150.0,26150.0,26150.0
2020-07-08 22:45:00,,,,
2020-07-08 23:00:00,26113.0,26113.0,26113.0,26113.0
2020-07-08 23:15:00,,,,
2020-07-08 23:30:00,,,,
2020-07-08 23:45:00,26130.0,26138.0,26130.0,26137.0
2020-07-09 00:00:00,,,,
2020-07-09 00:15:00,,,,
2020-07-09 00:30:00,26210.0,26210.0,26210.0,26210.0
2020-07-09 00:45:00,,,,
2020-07-09 01:00:00,26252.0,26252.0,26252.0,26252.0
2020-07-09 01:15:00,26212.0,26212.0,26212.0,26212.0
2020-07-09 01:30:00,,,,
2020-07-09 01:45:00,26229.0,26229.0,26212.0,26212.0
2020-07-09 02:00:00,,,,
2020-07-09 02:15:00,,,,
2020-07-09 02:30:00,,,,
2020-07-09 02:45:00,,,,
2020-07-09 03:00:00,,,,
2020-07-09 03:15:00,,,,
2020-07-09 03:30:00,,,,
2020-07-09 03:45:00,,,,
2020-07-09 04:00:00,,,,
2020-07-09 04:15:00,,,,
2020-07-09 04:30:00,,,,
2020-07-09 04:45:00,,,,
2020-07-09 05:00:00,,,,
2020-07-09 05:15:00,,,,
2020-07-09 05:30:00,,,,
2020-07-09 05:45:00,,,,
2020-07-09 06:00:00,,,,
2020-07-09 06:15:00,,,,
2020-07-09 06:30:00,,,,
2020-07-09 06:45:00,,,,
2020-07-09 07:00:00,,,,
2020-07-09 07:15:00,,,,
2020-07-09 07:30:00,,,,
2020-07-09 07:45:00,,,,
2020-07-09 08:00:00,,,,
2020-07-09 08:15:00,,,,
2020-07-09 08:30:00,,,,
2020-07-09 08:45:00,,,,
2020-07-09 09:00:00,,,,
2020-07-09 09:15:00,,,,
2020-07-09 09:30:00,,,,
2020-07-09 09:45:00,,,,
2020-07-09 10:00:00,,,,
2020-07-09 10:15:00,,,,
2020-07-09 10:30:00,,,,
2020-07-09 10:45:00,,,,
2020-07-09 11:00:00,,,,
2020-07-09 11:15:00,,,,
2020-07-09 11:30:00,,,,
2020-07-09 11:45:00,,,,
2020-07-09 12:00:00,,,,
2020-07-09 12:15:00,,,,
2020-07-09 12:30:00,,,,
2020-07-09 12:45:00,,,,
2020-07-09 13:00:00,,,,
2020-07-09 13:15:00,,,,
2020-07-09 13:30:00,,,,
2020-07-09 13:45:00,,,,
2020-07-09 14:00:00,,,,
2020-07-09 14:15:00,,,,
2020-07-09 14:30:00,,,,
2020-07-09 14:45:00,,,,
2020-07-09 15:00:00,,,,
2020-07-09 15:15:00,,,,
2020-07-09 15:30:00,,,,
2020-07-09 15:45:00,,,,
2020-07-09 16:00:00,,,,
2020-07-09 16:15:00,,,,
2020-07-09 16:30:00,,,,
2020-07-09 16:45:00,,,,
2020-07-09 17:00:00,,,,
2020-07-09 17:15:00,26192.0,26192.0,26183.0,26183.0
2020-07-09 17:30:00,,,,
2020-07-09 17:45:00,26247.0,26247.0,26247.0,26247.0
2020-07-09 18:00:00,,,,
2020-07-09 18:15:00,,,,
2020-07-09 18:30:00,,,,
2020-07-09 18:45:00,26184.0,26184.0,26184.0,26184.0
2020-07-09 19:00:00,,,,
2020-07-09 19:15:00,26184.0,26184.0,26184.0,26184.0
2020-07-09 19:30:00,,,,
2020-07-09 19:45:00,,,,
2020-07-09 20:00:00,26175.0,26175.0,26175.0,26175.0
2020-07-09 20:15:00,,,,
2020-07-09 20:30:00,,,,
2020-07-09 20:45:00,,,,
2020-07-09 21:00:00,,,,
2020-07-09 21:15:00,,,,
2020-07-09 21:30:00,,,,
2020-07-09 21:45:00,26199.0,26199.0,26190.0,26190.0
2020-07-09 22:00:00,,,,
2020-07-09 22:15:00,26179.0,26179.0,26179.0,26179.0
2020-07-09 22:30:00,26122.0,26122.0,26055.0,26055.0
2020-07-09 22:45:00,26064.0,26064.0,26018.0,26060.0
2020-07-09 23:00:00,25998.0,26004.0,25989.0,26003.0
2020-07-09 23:15:00,25950.0,25950.0,25900.0,25902.0
2020-07-09 23:30:00,25930.0,25930.0,25855.0,25855.0
2020-07-09 23:45:00,25866.0,25909.0,25866.0,25909.0
2020-07-10 00:00:00,25966.0,25966.0,25966.0,25966.0
2020-07-10 00:15:00,25964.0,25967.0,25964.0,25967.0
2020-07-10 00:30:00,,,,
2020-07-10 00:45:00,25988.0,26004.0,25988.0,26004.0
2020-07-10 01:00:00,26023.0,26027.0,26023.0,26027.0
2020-07-10 01:15:00,26017.0,26017.0,26017.0,26017.0
2020-07-10 01:30:00,,,,
2020-07-10 01:45:00,,,,
2020-07-10 02:00:00,,,,
2020-07-10 02:15:00,,,,
2020-07-10 02:30:00,,,,
2020-07-10 02:45:00,,,,
2020-07-10 03:00:00,,,,
2020-07-10 03:15:00,,,,
2020-07-10 03:30:00,,,,
2020-07-10 03:45:00,,,,
2020-07-10 04:00:00,,,,
2020-07-10 04:15:00,,,,
2020-07-10 04:30:00,,,,
2020-07-10 04:45:00,,,,
2020-07-10 05:00:00,,,,
2020-07-10 05:15:00,,,,
2020-07-10 05:30:00,,,,
2020-07-10 05:45:00,,,,
2020-07-10 06:00:00,,,,
2020-07-10 06:15:00,,,,
2020-07-10 06:30:00,,,,
2020-07-10 06:45:00,,,,
2020-07-10 07:00:00,,,,
2020-07-10 07:15:00,,,,
2020-07-10 07:30:00,,,,
2020-07-10 07:45:00,,,,
2020-07-10 08:00:00,,,,
2020-07-10 08:15:00,,,,
2020-07-10 08:30:00,,,,
2020-07-10 08:45:00,,,,
2020-07-10 09:00:00,,,,
2020-07-10 09:15:00,,,,
2020-07-10 09:30:00,,,,
2020-07-10 09:45:00,,,,
2020-07-10 10:00:00,,,,
2020-07-10 10:15:00,,,,
2020-07-10 10:30:00,,,,
2020-07-10 10:45:00,,,,
2020-07-10 11:00:00,,,,
2020-07-10 11:15:00,,,,
2020-07-10 11:30:00,,,,
2020-07-10 11:45:00,,,,
2020-07-10 12:00:00,,,,
2020-07-10 12:15:00,,,,
2020-07-10 12:30:00,,,,
2020-07-10 12:45:00,,,,
2020-07-10 13:00:00,,,,
2020-07-10 13:15:00,,,,
2020-07-10 13:30:00,,,,
2020-07-10 13:45:00,,,,
2020-07-10 14:00:00,,,,
2020-07-10 14:15:00,,,,
2020-07-10 14:30:00,,,,
2020-07-10 14:45:00,,,,
2020-07-10 15:00:00,,,,
2020-07-10 15:15:00,,,,
2020-07-10 15:30:00,,,,
2020-07-10 15:45:00,,,,
2020-07-10 16:00:00,,,,
2020-07-10 16:15:00,,,,
2020-07-10 16:30:00,,,,
2020-07-10 16:45:00,,,,
2020-07-10 17:00:00,,,,
2020-07-10 17:15:00,25650.0,25650.0,25626.0,25646.0
2020-07-10 17:30:00,25720.0,25720.0,25720.0,25720.0
2020-07-10 17:45:00,,,,
2020-07-10 18:00:00,,,,
2020-07-10 18:15:00,,,,
2020-07-10 18:30:00,25741.0,25741.0,25741.0,25741.0
2020-07-10 18:45:00,,,,
2020-07-10 19:00:00,25785.0,25797.0,25785.0,25796.0
2020-07-10 19:15:00,,,,
2020-07-10 19:30:00,,,,
2020-07-10 19:45:00,,,,
2020-07-10 20:00:00,25754.0,25754.0,25754.0,25754.0
2020-07-10 20:15:00,,,,
2020-07-10 20:30:00,25829.0,25829.0,25829.0,25829.0
2020-07-10 20:45:00,25802.0,25802.0,25799.0,25799.0
2020-07-10 21:00:00,25844.0,25844.0,25806.0,25806.0
2020-07-10 21:15:00,25777.0,25777.0,25777.0,25777.0
2020-07-10 21:30:00,,,,
2020-07-10 21:45:00,25716.0,25721.0,25703.0,25705.0
2020-07-10 22:00:00,,,,
2020-07-10 22:15:00,25718.0,25725.0,25718.0,25725.0
2020-07-10 22:30:00,,,,
2020-07-10 22:45:00,25750.0,25750.0,25750.0,25750.0
2020-07-10 23:00:00,25758.0,25758.0,25758.0,25758.0
2020-07-10 23:15:00,25765.0,25765.0,25765.0,25765.0
2020-07-10 23:30:00,25758.0,25758.0,25743.0,25743.0
2020-07-10 23:45:00,25784.0,25784.0,25784.0,25784.0
2020-07-11 00:00:00,,,,
2020-07-11 00:15:00,25714.0,25714.0,25714.0,25714.0
2020-07-11 00:30:00,25702.0,25702.0,25684.0,25684.0
2020-07-11 00:45:00,,,,
2020-07-11 01:00:00,,,,
2020-07-11 01:15:00,,,,
2020-07-11 01:30:00,,,,
2020-07-11 01:45:00,,,,
2020-07-11 02:00:00,,,,
2020-07-11 02:15:00,,,,
2020-07-11 02:30:00,,,,
2020-07-11 02:45:00,,,,
2020-07-11 03:00:00,,,,
2020-07-11 03:15:00,,,,
2020-07-11 03:30:00,,,,
2020-07-11 03:45:00,,,,
2020-07-11 04:00:00,,,,
2020-07-11 04:15:00,,,,
2020-07-11 04:30:00,,,,
2020-07-11 04:45:00,,,,
2020-07-11 05:00:00,,,,
2020-07-11 05:15:00,,,,
2020-07-11 05:30:00,,,,
2020-07-11 05:45:00,,,,
2020-07-11 06:00:00,,,,
2020-07-11 06:15:00,,,,
2020-07-11 06:30:00,,,,
2020-07-11 06:45:00,,,,
2020-07-11 07:00:00,,,,
2020-07-11 07:15:00,,,,
2020-07-11 07:30:00,,,,
2020-07-11 07:45:00,,,,
2020-07-11 08:00:00,,,,
2020-07-11 08:15:00,,,,
2020-07-11 08:30:00,,,,
2020-07-11 08:45:00,,,,
2020-07-11 09:00:00,,,,
2020-07-11 09:15:00,,,,
2020-07-11 09:30:00,,,,
2020-07-11 09:45:00,,,,
2020-07-11 10:00:00,,,,
2020-07-11 10:15:00,,,,
2020-07-11 10:30:00,,,,
2020-07-11 10:45:00,,,,
2020-07-11 11:00:00,,,,
2020-07-11 11:15:00,,,,
2020-07-11 11:30:00,,,,
2020-07-11 11:45:00,,,,
2020-07-11 12:00:00,,,,
2020-07-11 12:15:00,,,,
2020-07-11 12:30:00,,,,
2020-07-11 12:45:00,,,,
2020-07-11 13:00:00,,,,
2020-07-11 13:15:00,,,,
2020-07-11 13:30:00,,,,
2020-07-11 13:45:00,,,,
2020-07-11 14:00:00,,,,
2020-07-11 14:15:00,,,,
2020-07-11 14:30:00,,,,
2020-07-11 14:45:00,,,,
2020-07-11 15:00:00,,,,
2020-07-11 15:15:00,,,,
2020-07-11 15:30:00,,,,
2020-07-11 15:45:00,,,,
2020-07-11 16:00:00,,,,
2020-07-11 16:15:00,,,,
2020-07-11 16:30:00,,,,
2020-07-11 16:45:00,,,,
2020-07-11 17:00:00,,,,
2020-07-11 17:15:00,,,,
2020-07-11 17:30:00,,,,
2020-07-11 17:45:00,,,,
2020-07-11 18:00:00,,,,
2020-07-11 18:15:00,,,,
2020-07-11 18:30:00,,,,
2020-07-11 18:45:00,,,,
2020-07-11 19:00:00,,,,
2020-07-11 19:15:00,,,,
2020-07-11 19:30:00,,,,
2020-07-11 19:45:00,,,,
2020-07-11 20:00:00,,,,
2020-07-11 20:15:00,,,,
2020-07-11 20:30:00,,,,
2020-07-11 20:45:00,,,,
2020-07-11 21:00:00,,,,
2020-07-11 21:15:00,,,,
2020-07-11 21:30:00,,,,
2020-07-11 21:45:00,,,,
2020-07-11 22:00:00,,,,
2020-07-11 22:15:00,,,,
2020-07-11 22:30:00,,,,
2020-07-11 22:45:00,,,,
2020-07-11 23:00:00,,,,
2020-07-11 23:15:00,,,,
2020-07-11 23:30:00,,,,
2020-07-11 23:45:00,,,,
2020-07-12 00:00:00,,,,
2020-07-12 00:15:00,,,,
2020-07-12 00:30:00,,,,
2020-07-12 00:45:00,,,,
2020-07-12 01:00:00,,,,
2020-07-12 01:15:00,,,,
2020-07-12 01:30:00,,,,
2020-07-12 01:45:00,,,,
2020-07-12 02:00:00,,,,
2020-07-12 02:15:00,,,,
2020-07-12 02:30:00,,,,
2020-07-12 02:45:00,,,,
2020-07-12 03:00:00,,,,
2020-07-12 03:15:00,,,,
2020-07-12 03:30:00,,,,
2020-07-12 03:45:00,,,,
2020-07-12 04:00:00,,,,
2020-07-12 04:15:00,,,,
2020-07-12 04:30:00,,,,
2020-07-12 04:45:00,,,,
2020-07-12 05:00:00,,,,
2020-07-12 05:15:00,,,,
2020-07-12 05:30:00,,,,
2020-07-12 05:45:00,,,,
2020-07-12 06:00:00,,,,
2020-07-12 06:15:00,,,,
2020-07-12 06:30:00,,,,
2020-07-12 06:45:00,,,,
2020-07-12 07:00:00,,,,
2020-07-12 07:15:00,,,,
2020-07-12 07:30:00,,,,
2020-07-12 07:45:00,,,,
2020-07-12 08:00:00,,,,
2020-07-12 08:15:00,,,,
2020-07-12 08:30:00,,,,
2020-07-12 08:45:00,,,,
2020-07-12 09:00:00,,,,
2020-07-12 09:15:00,,,,
2020-07-12 09:30:00,,,,
2020-07-12 09:45:00,,,,
2020-07-12 10:00:00,,,,
2020-07-12 10:15:00,,,,
2020-07-12 10:30:00,,,,
2020-07-12 10:45:00,,,,
2020-07-12 11:00:00,,,,
2020-07-12 11:15:00,,,,
2020-07-12 11:30:00,,,,
2020-07-12 11:45:00,,,,
2020-07-12 12:00:00,,,,
2020-07-12 12:15:00,,,,
2020-07-12 12:30:00,,,,
2020-07-12 12:45:00,,,,
2020-07-12 13:00:00,,,,
2020-07-12 13:15:00,,,,
2020-07-12 13:30:00,,,,
2020-07-12 13:45:00,,,,
2020-07-12 14:00:00,,,,
2020-07-12 14:15:00,,,,
2020-07-12 14:30:00,,,,
2020-07-12 14:45:00,,,,
2020-07-12 15:00:00,,,,
2020-07-12 15:15:00,,,,
2020-07-12 15:30:00,,,,
2020-07-12 15:45:00,,,,
2020-07-12 16:00:00,,,,
2020-07-12 16:15:00,,,,
2020-07-12 16:30:00,,,,
2020-07-12 16:45:00,,,,
2020-07-12 17:00:00,,,,
2020-07-12 17:15:00,,,,
2020-07-12 17:30:00,,,,
2020-07-12 17:45:00,,,,
2020-07-12 18:00:00,,,,
2020-07-12 18:15:00,,,,
2020-07-12 18:30:00,,,,
2020-07-12 18:45:00,,,,
2020-07-12 19:00:00,,,,
2020-07-12 19:15:00,,,,
2020-07-12 19:30:00,,,,
2020-07-12 19:45:00,,,,
2020-07-12 20:00:00,,,,
2020-07-12 20:15:00,,,,
2020-07-12 20:30:00,,,,
2020-07-12 20:45:00,,,,
2020-07-12 21:00:00,,,,
2020-07-12 21:15:00,,,,
2020-07-12 21:30:00,,,,
2020-07-12 21:45:00,,,,
2020-07-12 22:00:00,,,,
2020-07-12 22:15:00,,,,
2020-07-12 22:30:00,,,,
2020-07-12 22:45:00,,,,
2020-07-12 23:00:00,,,,
2020-07-12 23:15:00,,,,
2020-07-12 23:30:00,,,,
2020-07-12 23:45:00,,,,
2020-07-13 00:00:00,,,,
2020-07-13 00:15:00,,,,
2020-07-13 00:30:00,,,,
2020-07-13 00:45:00,,,,
2020-07-13 01:00:00,,,,
2020-07-13 01:15:00,,,,
2020-07-13 01:30:00,,,,
2020-07-13 01:45:00,,,,
2020-07-13 02:00:00,,,,
2020-07-13 02:15:00,,,,
2020-07-13 02:30:00,,,,
2020-07-13 02:45:00,,,,
2020-07-13 03:00:00,,,,
2020-07-13 03:15:00,,,,
2020-07-13 03:30:00,,,,
2020-07-13 03:45:00,,,,
2020-07-13 04:00:00,,,,
2020-07-13 04:15:00,,,,
2020-07-13 04:30:00,,,,
2020-07-13 04:45:00,,,,
2020-07-13 05:00:00,,,,
2020-07-13 05:15:00,,,,
2020-07-13 05:30:00,,,,
2020-07-13 05:45:00,,,,
2020-07-13 06:00:00,,,,
2020-07-13 06:15:00,,,,
2020-07-13 06:30:00,,,,
2020-07-13 06:45:00,,,,
2020-07-13 07:00:00,,,,
2020-07-13 07:15:00,,,,
2020-07-13 07:30:00,,,,
2020-07-13 07:45:00,,,,
2020-07-13 08:00:00,,,,
2020-07-13 08:15:00,,,,
2020-07-13 08:30:00,,,,
2020-07-13 08:45:00,,,,
2020-07-13 09:00:00,,,,
2020-07-13 09:15:00,,,,
2020-07-13 09:30:00,,,,
2020-07-13 09:45:00,,,,
2020-07-13 10:00:00,,,,
2020-07-13 10:15:00,,,,
2020-07-13 10:30:00,,,,
2020-07-13 10:45:00,,,,
2020-07-13 11:00:00,,,,
2020-07-13 11:15:00,,,,
2020-07-13 11:30:00,,,,
2020-07-13 11:45:00,,,,
2020-07-13 12:00:00,,,,
2020-07-13 12:15:00,,,,
2020-07-13 12:30:00,,,,
2020-07-13 12:45:00,,,,
2020-07-13 13:00:00,,,,
2020-07-13 13:15:00,,,,
2020-07-13 13:30:00,,,,
2020-07-13 13:45:00,,,,
2020-07-13 14:00:00,,,,
2020-07-13 14:15:00,,,,
2020-07-13 14:30:00,,,,
2020-07-13 14:45:00,,,,
2020-07-13 15:00:00,,,,
2020-07-13 15:15:00,,,,
2020-07-13 15:30:00,,,,
2020-07-13 15:45:00,,,,
2020-07-13 16:00:00,,,,
2020-07-13 16:15:00,,,,
2020-07-13 16:30:00,,,,
2020-07-13 16:45:00,,,,
2020-07-13 17:00:00,,,,
2020-07-13 17:15:00,25751.0,25759.0,25751.0,25758.0
2020-07-13 17:30:00,,,,
2020-07-13 17:45:00,,,,
2020-07-13 18:00:00,,,,
2020-07-13 18:15:00,25755.0,25755.0,25755.0,25755.0
2020-07-13 18:30:00,,,,
2020-07-13 18:45:00,,,,
2020-07-13 19:00:00,25800.0,25810.0,25800.0,25810.0
2020-07-13 19:15:00,25811.0,25811.0,25811.0,25811.0
2020-07-13 19:30:00,,,,
2020-07-13 19:45:00,,,,
2020-07-13 20:00:00,25804.0,25804.0,25804.0,25804.0
2020-07-13 20:15:00,25785.0,25785.0,25785.0,25785.0
2020-07-13 20:30:00,25783.0,25783.0,25775.0,25775.0
2020-07-13 20:45:00,,,,
2020-07-13 21:00:00,,,,
2020-07-13 21:15:00,,,,
2020-07-13 21:30:00,25810.0,25855.0,25810.0,25855.0
2020-07-13 21:45:00,,,,
2020-07-13 22:00:00,,,,
2020-07-13 22:15:00,25864.0,25913.0,25864.0,25913.0
2020-07-13 22:30:00,,,,
2020-07-13 22:45:00,25970.0,25975.0,25970.0,25975.0
2020-07-13 23:00:00,25981.0,25981.0,25981.0,25981.0
2020-07-13 23:15:00,25960.0,25980.0,25960.0,25980.0
2020-07-13 23:30:00,25992.0,25992.0,25992.0,25992.0
2020-07-13 23:45:00,25957.0,25957.0,25957.0,25957.0
2020-07-14 00:00:00,,,,
2020-07-14 00:15:00,,,,
2020-07-14 00:30:00,,,,
2020-07-14 00:45:00,,,,
2020-07-14 01:00:00,,,,
2020-07-14 01:15:00,25979.0,25979.0,25979.0,25979.0
2020-07-14 01:30:00,,,,
2020-07-14 01:45:00,,,,
2020-07-14 02:00:00,25912.0,25912.0,25900.0,25900.0
2020-07-14 02:15:00,25850.0,25850.0,25850.0,25850.0
2020-07-14 02:30:00,25838.0,25838.0,25838.0,25838.0
2020-07-14 02:45:00,,,,
2020-07-14 03:00:00,,,,
2020-07-14 03:15:00,,,,
2020-07-14 03:30:00,,,,
2020-07-14 03:45:00,,,,
2020-07-14 04:00:00,,,,
2020-07-14 04:15:00,,,,
2020-07-14 04:30:00,,,,
2020-07-14 04:45:00,,,,
2020-07-14 05:00:00,,,,
2020-07-14 05:15:00,,,,
2020-07-14 05:30:00,,,,
2020-07-14 05:45:00,,,,
2020-07-14 06:00:00,,,,
2020-07-14 06:15:00,,,,
2020-07-14 06:30:00,,,,
2020-07-14 06:45:00,,,,
2020-07-14 07:00:00,,,,
2020-07-14 07:15:00,,,,
2020-07-14 07:30:00,,,,
2020-07-14 07:45:00,,,,
2020-07-14 08:00:00,,,,
2020-07-14 08:15:00,,,,
2020-07-14 08:30:00,,,,
2020-07-14 08:45:00,,,,
2020-07-14 09:00:00,,,,
2020-07-14 09:15:00,,,,
2020-07-14 09:30:00,,,,
2020-07-14 09:45:00,,,,
2020-07-14 10:00:00,,,,
2020-07-14 10:15:00,,,,
2020-07-14 10:30:00,,,,
2020-07-14 10:45:00,,,,
2020-07-14 11:00:00,,,,
2020-07-14 11:15:00,,,,
2020-07-14 11:30:00,,,,
2020-07-14 11:45:00,,,,
2020-07-14 12:00:00,,,,
2020-07-14 12:15:00,,,,
2020-07-14 12:30:00,,,,
2020-07-14 12:45:00,,,,
2020-07-14 13:00:00,,,,
2020-07-14 13:15:00,,,,
2020-07-14 13:30:00,,,,
2020-07-14 13:45:00,,,,
2020-07-14 14:00:00,,,,
2020-07-14 14:15:00,,,,
2020-07-14 14:30:00,,,,
2020-07-14 14:45:00,,,,
2020-07-14 15:00:00,,,,
2020-07-14 15:15:00,,,,
2020-07-14 15:30:00,,,,
2020-07-14 15:45:00,,,,
2020-07-14 16:00:00,,,,
2020-07-14 16:15:00,,,,
2020-07-14 16:30:00,,,,
2020-07-14 16:45:00,,,,
2020-07-14 17:00:00,,,,
2020-07-14 17:15:00,,,,
2020-07-14 17:30:00,25555.0,25555.0,25555.0,25555.0
2020-07-14 17:45:00,,,,
2020-07-14 18:00:00,,,,
2020-07-14 18:15:00,,,,
2020-07-14 18:30:00,,,,
2020-07-14 18:45:00,,,,
2020-07-14 19:00:00,25487.0,25487.0,25487.0,25487.0
2020-07-14 19:15:00,25506.0,25509.0,25504.0,25506.0
2020-07-14 19:30:00,25517.0,25519.0,25517.0,25519.0
2020-07-14 19:45:00,,,,
2020-07-14 20:00:00,25532.0,25532.0,25530.0,25530.0
2020-07-14 20:15:00,25519.0,25519.0,25508.0,25508.0
2020-07-14 20:30:00,25502.0,25502.0,25469.0,25469.0
2020-07-14 20:45:00,25491.0,25495.0,25450.0,25450.0
2020-07-14 21:00:00,25430.0,25430.0,25405.0,25405.0
2020-07-14 21:15:00,,,,
2020-07-14 21:30:00,25515.0,25520.0,25509.0,25509.0
2020-07-14 21:45:00,25520.0,25520.0,25465.0,25466.0
2020-07-14 22:00:00,25455.0,25455.0,25455.0,25455.0
2020-07-14 22:15:00,25478.0,25478.0,25478.0,25478.0
2020-07-14 22:30:00,25506.0,25506.0,25506.0,25506.0
2020-07-14 22:45:00,25540.0,25543.0,25540.0,25543.0
2020-07-14 23:00:00,25545.0,25575.0,25528.0,25575.0
2020-07-14 23:15:00,25591.0,25593.0,25591.0,25593.0
2020-07-14 23:30:00,,,,
2020-07-14 23:45:00,25636.0,25636.0,25636.0,25636.0
2020-07-15 00:00:00,,,,
2020-07-15 00:15:00,25650.0,25659.0,25650.0,25659.0
2020-07-15 00:30:00,,,,
2020-07-15 00:45:00,25655.0,25655.0,25645.0,25645.0
2020-07-15 01:00:00,,,,
2020-07-15 01:15:00,,,,
2020-07-15 01:30:00,25678.0,25697.0,25678.0,25697.0
2020-07-15 01:45:00,25685.0,25685.0,25685.0,25685.0
2020-07-15 02:00:00,,,,
2020-07-15 02:15:00,,,,
2020-07-15 02:30:00,,,,
2020-07-15 02:45:00,,,,
2020-07-15 03:00:00,,,,
2020-07-15 03:15:00,,,,
2020-07-15 03:30:00,,,,
2020-07-15 03:45:00,,,,
2020-07-15 04:00:00,,,,
2020-07-15 04:15:00,,,,
2020-07-15 04:30:00,,,,
2020-07-15 04:45:00,,,,
2020-07-15 05:00:00,,,,
2020-07-15 05:15:00,,,,
2020-07-15 05:30:00,,,,
2020-07-15 05:45:00,,,,
2020-07-15 06:00:00,,,,
2020-07-15 06:15:00,,,,
2020-07-15 06:30:00,,,,
2020-07-15 06:45:00,,,,
2020-07-15 07:00:00,,,,
2020-07-15 07:15:00,,,,
2020-07-15 07:30:00,,,,
2020-07-15 07:45:00,,,,
2020-07-15 08:00:00,,,,
2020-07-15 08:15:00,,,,
2020-07-15 08:30:00,,,,
2020-07-15 08:45:00,,,,
2020-07-15 09:00:00,,,,
2020-07-15 09:15:00,,,,
2020-07-15 09:30:00,,,,
2020-07-15 09:45:00,,,,
2020-07-15 10:00:00,,,,
2020-07-15 10:15:00,,,,
2020-07-15 10:30:00,,,,
2020-07-15 10:45:00,,,,
2020-07-15 11:00:00,,,,
2020-07-15 11:15:00,,,,
2020-07-15 11:30:00,,,,
2020-07-15 11:45:00,,,,
2020-07-15 12:00:00,,,,
2020-07-15 12:15:00,,,,
2020-07-15 12:30:00,,,,
2020-07-15 12:45:00,,,,
2020-07-15 13:00:00,,,,
2020-07-15 13:15:00,,,,
2020-07-15 13:30:00,,,,
2020-07-15 13:45:00,,,,
2020-07-15 14:00:00,,,,
2020-07-15 14:15:00,,,,
2020-07-15 14:30:00,,,,
2020-07-15 14:45:00,,,,
2020-07-15 15:00:00,,,,
2020-07-15 15:15:00,,,,
2020-07-15 15:30:00,,,,
2020-07-15 15:45:00,,,,
2020-07-15 16:00:00,,,,
2020-07-15 16:15:00,,,,
2020-07-15 16:30:00,,,,
2020-07-15 16:45:00,,,,
2020-07-15 17:00:00,,,,
2020-07-15 17:15:00,,,,
2020-07-15 17:30:00,,,,
2020-07-15 17:45:00,,,,
2020-07-15 18:00:00,,,,
2020-07-15 18:15:00,,,,
2020-07-15 18:30:00,,,,
2020-07-15 18:45:00,25550.0,25550.0,25550.0,25550.0
2020-07-15 19:00:00,25567.0,25567.0,25567.0,25567.0
2020-07-15 19:15:00,25551.0,25551.0,25551.0,25551.0
2020-07-15 19:30:00,,,,
2020-07-15 19:45:00,,,,
2020-07-15 20:00:00,25606.0,25610.0,25606.0,25610.0
2020-07-15 20:15:00,25593.0,25593.0,25593.0,25593.0
2020-07-15 20:30:00,25607.0,25618.0,25607.0,25618.0
2020-07-15 20:45:00,25607.0,25607.0,25607.0,25607.0
2020-07-15 21:00:00,25593.0,25593.0,25593.0,25593.0
2020-07-15 21:15:00,,,,
2020-07-15 21:30:00,25620.0,25620.0,25544.0,25544.0
2020-07-15 21:45:00,25526.0,25555.0,25523.0,25555.0
2020-07-15 22:00:00,,,,
2020-07-15 22:15:00,25594.0,25594.0,25594.0,25594.0
2020-07-15 22:30:00,25625.0,25625.0,25622.0,25622.0
2020-07-15 22:45:00,25638.0,25638.0,25637.0,25637.0
2020-07-15 23:00:00,25610.0,25610.0,25610.0,25610.0
2020-07-15 23:15:00,,,,
2020-07-15 23:30:00,,,,
2020-07-15 23:45:00,,,,
2020-07-16 00:00:00,25466.0,25466.0,25466.0,25466.0
2020-07-16 00:15:00,,,,
2020-07-16 00:30:00,,,,
2020-07-16 00:45:00,,,,
2020-07-16 01:00:00,,,,
2020-07-16 01:15:00,,,,
2020-07-16 01:30:00,,,,
2020-07-16 01:45:00,,,,
2020-07-16 02:00:00,,,,
2020-07-16 02:15:00,25570.0,25570.0,25570.0,25570.0
2020-07-16 02:30:00,,,,
2020-07-16 02:45:00,,,,
2020-07-16 03:00:00,,,,
2020-07-16 03:15:00,,,,
2020-07-16 03:30:00,,,,
2020-07-16 03:45:00,,,,
2020-07-16 04:00:00,,,,
2020-07-16 04:15:00,,,,
2020-07-16 04:30:00,,,,
2020-07-16 04:45:00,,,,
2020-07-16 05:00:00,,,,
2020-07-16 05:15:00,,,,
2020-07-16 05:30:00,,,,
2020-07-16 05:45:00,,,,
2020-07-16 06:00:00,,,,
2020-07-16 06:15:00,,,,
2020-07-16 06:30:00,,,,
2020-07-16 06:45:00,,,,
2020-07-16 07:00:00,,,,
2020-07-16 07:15:00,,,,
2020-07-16 07:30:00,,,,
2020-07-16 07:45:00,,,,
2020-07-16 08:00:00,,,,
2020-07-16 08:15:00,,,,
2020-07-16 08:30:00,,,,
2020-07-16 08:45:00,,,,
2020-07-16 09:00:00,,,,
2020-07-16 09:15:00,,,,
2020-07-16 09:30:00,,,,
2020-07-16 09:45:00,,,,
2020-07-16 10:00:00,,,,
2020-07-16 10:15:00,,,,
2020-07-16 10:30:00,,,,
2020-07-16 10:45:00,,,,
2020-07-16 11:00:00,,,,
2020-07-16 11:15:00,,,,
2020-07-16 11:30:00,,,,
2020-07-16 11:45:00,,,,
2020-07-16 12:00:00,,,,
2020-07-16 12:15:00,,,,
2020-07-16 12:30:00,,,,
2020-07-16 12:45:00,,,,
2020-07-16 13:00:00,,,,
2020-07-16 13:15:00,,,,
2020-07-16 13:30:00,,,,
2020-07-16 13:45:00,,,,
2020-07-16 14:00:00,,,,
2020-07-16 14:15:00,,,,
2020-07-16 14:30:00,,,,
2020-07-16 14:45:00,,,,
2020-07-16 15:00:00,,,,
2020-07-16 15:15:00,,,,
2020-07-16 15:30:00,,,,
2020-07-16 15:45:00,,,,
2020-07-16 16:00:00,,,,
2020-07-16 16:15:00,,,,
2020-07-16 16:30:00,,,,
2020-07-16 16:45:00,,,,
2020-07-16 17:00:00,,,,
2020-07-16 17:15:00,24867.0,24876.0,24865.0,24876.0
2020-07-16 17:30:00,24897.0,24897.0,24897.0,24897.0
2020-07-16 17:45:00,,,,
2020-07-16 18:00:00,24952.0,24952.0,24952.0,24952.0
2020-07-16 18:15:00,,,,
2020-07-16 18:30:00,,,,
2020-07-16 18:45:00,24942.0,24965.0,24942.0,24964.0
2020-07-16 19:00:00,24971.0,24979.0,24971.0,24979.0
2020-07-16 19:15:00,24990.0,24990.0,24990.0,24990.0
2020-07-16 19:30:00,,,,
2020-07-16 19:45:00,25013.0,25023.0,25013.0,25023.0
2020-07-16 20:00:00,25035.0,25035.0,25029.0,25031.0
2020-07-16 20:15:00,25030.0,25030.0,25030.0,25030.0
2020-07-16 20:30:00,24972.0,24972.0,24972.0,24972.0
2020-07-16 20:45:00,,,,
2020-07-16 21:00:00,,,,
2020-07-16 21:15:00,,,,
2020-07-16 21:30:00,24982.0,25034.0,24981.0,25034.0
2020-07-16 21:45:00,25034.0,25034.0,25034.0,25034.0
2020-07-16 22:00:00,,,,
2020-07-16 22:15:00,25061.0,25090.0,25061.0,25090.0
2020-07-16 22:30:00,25125.0,25130.0,25125.0,25130.0
2020-07-16 22:45:00,25138.0,25138.0,25118.0,25118.0
2020-07-16 23:00:00,,,,
2020-07-16 23:15:00,,,,
2020-07-16 23:30:00,25113.0,25113.0,25112.0,25112.0
2020-07-16 23:45:00,,,,
2020-07-17 00:00:00,25121.0,25128.0,25117.0,25117.0
2020-07-17 00:15:00,25100.0,25100.0,25090.0,25090.0
2020-07-17 00:30:00,,,,
2020-07-17 00:45:00,25110.0,25110.0,25080.0,25080.0
2020-07-17 01:00:00,,,,
2020-07-17 01:15:00,,,,
2020-07-17 01:30:00,25070.0,25070.0,25070.0,25070.0
2020-07-17 01:45:00,,,,
2020-07-17 02:00:00,,,,
2020-07-17 02:15:00,25106.0,25106.0,25106.0,25106.0
2020-07-17 02:30:00,,,,
2020-07-17 02:45:00,,,,
2020-07-17 03:00:00,,,,
2020-07-17 03:15:00,,,,
2020-07-17 03:30:00,,,,
2020-07-17 03:45:00,,,,
2020-07-17 04:00:00,,,,
2020-07-17 04:15:00,,,,
2020-07-17 04:30:00,,,,
2020-07-17 04:45:00,,,,
2020-07-17 05:00:00,,,,
2020-07-17 05:15:00,,,,
2020-07-17 05:30:00,,,,
2020-07-17 05:45:00,,,,
2020-07-17 06:00:00,,,,
2020-07-17 06:15:00,,,,
2020-07-17 06:30:00,,,,
2020-07-17 06:45:00,,,,
2020-07-17 07:00:00,,,,
2020-07-17 07:15:00,,,,
2020-07-17 07:30:00,,,,
2020-07-17 07:45:00,,,,
2020-07-17 08:00:00,,,,
2020-07-17 08:15:00,,,,
2020-07-17 08:30:00,,,,
2020-07-17 08:45:00,,,,
2020-07-17 09:00:00,,,,
2020-07-17 09:15:00,,,,
2020-07-17 09:30:00,,,,
2020-07-17 09:45:00,,,,
2020-07-17 10:00:00,,,,
2020-07-17 10:15:00,,,,
2020-07-17 10:30:00,,,,
2020-07-17 10:45:00,,,,
2020-07-17 11:00:00,,,,
2020-07-17 11:15:00,,,,
2020-07-17 11:30:00,,,,
2020-07-17 11:45:00,,,,
2020-07-17 12:00:00,,,,
2020-07-17 12:15:00,,,,
2020-07-17 12:30:00,,,,
2020-07-17 12:45:00,,,,
2020-07-17 13:00:00,,,,
2020-07-17 13:15:00,,,,
2020-07-17 13:30:00,,,,
2020-07-17 13:45:00,,,,
2020-07-17 14:00:00,,,,
2020-07-17 14:15:00,,,,
2020-07-17 14:30:00,,,,
2020-07-17 14:45:00,,,,
2020-07-17 15:00:00,,,,
2020-07-17 15:15:00,,,,
2020-07-17 15:30:00,,,,
2020-07-17 15:45:00,,,,
2020-07-17 16:00:00,,,,
2020-07-17 16:15:00,,,,
2020-07-17 16:30:00,,,,
2020-07-17 16:45:00,,,,
2020-07-17 17:00:00,,,,
2020-07-17 17:15:00,25150.0,25160.0,25150.0,25160.0
2020-07-17 17:30:00,,,,
2020-07-17 17:45:00,,,,
2020-07-17 18:00:00,25133.0,25136.0,25133.0,25136.0
2020-07-17 18:15:00,,,,
2020-07-17 18:30:00,,,,
2020-07-17 18:45:00,,,,
2020-07-17 19:00:00,,,,
2020-07-17 19:15:00,,,,
2020-07-17 19:30:00,25177.0,25178.0,25177.0,25178.0
2020-07-17 19:45:00,,,,
2020-07-17 20:00:00,,,,
2020-07-17 20:15:00,25181.0,25181.0,25180.0,25180.0
2020-07-17 20:30:00,,,,
2020-07-17 20:45:00,,,,
2020-07-17 21:00:00,25175.0,25178.0,25175.0,25178.0
2020-07-17 21:15:00,25198.0,25212.0,25198.0,25209.0
2020-07-17 21:30:00,25251.0,25253.0,25175.0,25175.0
2020-07-17 21:45:00,25150.0,25150.0,25140.0,25140.0
2020-07-17 22:00:00,25135.0,25150.0,25135.0,25150.0
2020-07-17 22:15:00,25131.0,25131.0,25097.0,25097.0
2020-07-17 22:30:00,25107.0,25107.0,25090.0,25092.0
2020-07-17 22:45:00,25117.0,25120.0,25114.0,25120.0
2020-07-17 23:00:00,25143.0,25143.0,25137.0,25137.0
2020-07-17 23:15:00,25143.0,25143.0,25143.0,25143.0
2020-07-17 23:30:00,25151.0,25162.0,25151.0,25162.0
2020-07-17 23:45:00,25172.0,25202.0,25172.0,25202.0
2020-07-18 00:00:00,,,,
2020-07-18 00:15:00,25212.0,25212.0,25212.0,25212.0
2020-07-18 00:30:00,25194.0,25194.0,25194.0,25194.0
2020-07-18 00:45:00,,,,
2020-07-18 01:00:00,,,,
2020-07-18 01:15:00,,,,
2020-07-18 01:30:00,,,,
2020-07-18 01:45:00,,,,
2020-07-18 02:00:00,,,,
2020-07-18 02:15:00,,,,
2020-07-18 02:30:00,,,,
2020-07-18 02:45:00,,,,
2020-07-18 03:00:00,,,,
2020-07-18 03:15:00,,,,
2020-07-18 03:30:00,,,,
2020-07-18 03:45:00,,,,
2020-07-18 04:00:00,,,,
2020-07-18 04:15:00,,,,
2020-07-18 04:30:00,,,,
2020-07-18 04:45:00,,,,
2020-07-18 05:00:00,,,,
2020-07-18 05:15:00,,,,
2020-07-18 05:30:00,,,,
2020-07-18 05:45:00,,,,
2020-07-18 06:00:00,,,,
2020-07-18 06:15:00,,,,
2020-07-18 06:30:00,,,,
2020-07-18 06:45:00,,,,
2020-07-18 07:00:00,,,,
2020-07-18 07:15:00,,,,
2020-07-18 07:30:00,,,,
2020-07-18 07:45:00,,,,
2020-07-18 08:00:00,,,,
2020-07-18 08:15:00,,,,
2020-07-18 08:30:00,,,,
2020-07-18 08:45:00,,,,
2020-07-18 09:00:00,,,,
2020-07-18 09:15:00,,,,
2020-07-18 09:30:00,,,,
2020-07-18 09:45:00,,,,
2020-07-18 10:00:00,,,,
2020-07-18 10:15:00,,,,
2020-07-18 10:30:00,,,,
2020-07-18 10:45:00,,,,
2020-07-18 11:00:00,,,,
2020-07-18 11:15:00,,,,
2020-07-18 11:30:00,,,,
2020-07-18 11:45:00,,,,
2020-07-18 12:00:00,,,,
2020-07-18 12:15:00,,,,
2020-07-18 12:30:00,,,,
2020-07-18 12:45:00,,,,
2020-07-18 13:00:00,,,,
2020-07-18 13:15:00,,,,
2020-07-18 13:30:00,,,,
2020-07-18 13:45:00,,,,
2020-07-18 14:00:00,,,,
2020-07-18 14:15:00,,,,
2020-07-18 14:30:00,,,,
2020-07-18 14:45:00,,,,
2020-07-18 15:00:00,,,,
2020-07-18 15:15:00,,,,
2020-07-18 15:30:00,,,,
2020-07-18 15:45:00,,,,
2020-07-18 16:00:00,,,,
2020-07-18 16:15:00,,,,
2020-07-18 16:30:00,,,,
2020-07-18 16:45:00,,,,
2020-07-18 17:00:00,,,,
2020-07-18 17:15:00,,,,
2020-07-18 17:30:00,,,,
2020-07-18 17:45:00,,,,
2020-07-18 18:00:00,,,,
2020-07-18 18:15:00,,,,
2020-07-18 18:30:00,,,,
2020-07-18 18:45:00,,,,
2020-07-18 19:00:00,,,,
2020-07-18 19:15:00,,,,
2020-07-18 19:30:00,,,,
2020-07-18 19:45:00,,,,
2020-07-18 20:00:00,,,,
2020-07-18 20:15:00,,,,
2020-07-18 20:30:00,,,,
2020-07-18 20:45:00,,,,
2020-07-18 21:00:00,,,,
2020-07-18 21:15:00,,,,
2020-07-18 21:30:00,,,,
2020-07-18 21:45:00,,,,
2020-07-18 22:00:00,,,,
2020-07-18 22:15:00,,,,
2020-07-18 22:30:00,,,,
2020-07-18 22:45:00,,,,
2020-07-18 23:00:00,,,,
2020-07-18 23:15:00,,,,
2020-07-18 23:30:00,,,,
2020-07-18 23:45:00,,,,
2020-07-19 00:00:00,,,,
2020-07-19 00:15:00,,,,
2020-07-19 00:30:00,,,,
2020-07-19 00:45:00,,,,
2020-07-19 01:00:00,,,,
2020-07-19 01:15:00,,,,
2020-07-19 01:30:00,,,,
2020-07-19 01:45:00,,,,
2020-07-19 02:00:00,,,,
2020-07-19 02:15:00,,,,
2020-07-19 02:30:00,,,,
2020-07-19 02:45:00,,,,
2020-07-19 03:00:00,,,,
2020-07-19 03:15:00,,,,
2020-07-19 03:30:00,,,,
2020-07-19 03:45:00,,,,
2020-07-19 04:00:00,,,,
2020-07-19 04:15:00,,,,
2020-07-19 04:30:00,,,,
2020-07-19 04:45:00,,,,
2020-07-19 05:00:00,,,,
2020-07-19 05:15:00,,,,
2020-07-19 05:30:00,,,,
2020-07-19 05:45:00,,,,
2020-07-19 06:00:00,,,,
2020-07-19 06:15:00,,,,
2020-07-19 06:30:00,,,,
2020-07-19 06:45:00,,,,
2020-07-19 07:00:00,,,,
2020-07-19 07:15:00,,,,
2020-07-19 07:30:00,,,,
2020-07-19 07:45:00,,,,
2020-07-19 08:00:00,,,,
2020-07-19 08:15:00,,,,
2020-07-19 08:30:00,,,,
2020-07-19 08:45:00,,,,
2020-07-19 09:00:00,,,,
2020-07-19 09:15:00,,,,
2020-07-19 09:30:00,,,,
2020-07-19 09:45:00,,,,
2020-07-19 10:00:00,,,,
2020-07-19 10:15:00,,,,
2020-07-19 10:30:00,,,,
2020-07-19 10:45:00,,,,
2020-07-19 11:00:00,,,,
2020-07-19 11:15:00,,,,
2020-07-19 11:30:00,,,,
2020-07-19 11:45:00,,,,
2020-07-19 12:00:00,,,,
2020-07-19 12:15:00,,,,
2020-07-19 12:30:00,,,,
2020-07-19 12:45:00,,,,
2020-07-19 13:00:00,,,,
2020-07-19 13:15:00,,,,
2020-07-19 13:30:00,,,,
2020-07-19 13:45:00,,,,
2020-07-19 14:00:00,,,,
2020-07-19 14:15:00,,,,
2020-07-19 14:30:00,,,,
2020-07-19 14:45:00,,,,
2020-07-19 15:00:00,,,,
2020-07-19 15:15:00,,,,
2020-07-19 15:30:00,,,,
2020-07-19 15:45:00,,,,
2020-07-19 16:00:00,,,,
2020-07-19 16:15:00,,,,
2020-07-19 16:30:00,,,,
2020-07-19 16:45:00,,,,
2020-07-19 17:00:00,,,,
2020-07-19 17:15:00,,,,
2020-07-19 17:30:00,,,,
2020-07-19 17:45:00,,,,
2020-07-19 18:00:00,,,,
2020-07-19 18:15:00,,,,
2020-07-19 18:30:00,,,,
2020-07-19 18:45:00,,,,
2020-07-19 19:00:00,,,,
2020-07-19 19:15:00,,,,
2020-07-19 19:30:00,,,,
2020-07-19 19:45:00,,,,
2020-07-19 20:00:00,,,,
2020-07-19 20:15:00,,,,
2020-07-19 20:30:00,,,,
2020-07-19 20:45:00,,,,
2020-07-19 21:00:00,,,,
2020-07-19 21:15:00,,,,
2020-07-19 21:30:00,,,,
2020-07-19 21:45:00,,,,
2020-07-19 22:00:00,,,,
2020-07-19 22:15:00,,,,
2020-07-19 22:30:00,,,,
2020-07-19 22:45:00,,,,
2020-07-19 23:00:00,,,,
2020-07-19 23:15:00,,,,
2020-07-19 23:30:00,,,,
2020-07-19 23:45:00,,,,
2020-07-20 00:00:00,,,,
2020-07-20 00:15:00,,,,
2020-07-20 00:30:00,,,,
2020-07-20 00:45:00,,,,
2020-07-20 01:00:00,,,,
2020-07-20 01:15:00,,,,
2020-07-20 01:30:00,,,,
2020-07-20 01:45:00,,,,
2020-07-20 02:00:00,,,,
2020-07-20 02:15:00,,,,
2020-07-20 02:30:00,,,,
2020-07-20 02:45:00,,,,
2020-07-20 03:00:00,,,,
2020-07-20 03:15:00,,,,
2020-07-20 03:30:00,,,,
2020-07-20 03:45:00,,,,
2020-07-20 04:00:00,,,,
2020-07-20 04:15:00,,,,
2020-07-20 04:30:00,,,,
2020-07-20 04:45:00,,,,
2020-07-20 05:00:00,,,,
2020-07-20 05:15:00,,,,
2020-07-20 05:30:00,,,,
2020-07-20 05:45:00,,,,
2020-07-20 06:00:00,,,,
2020-07-20 06:15:00,,,,
2020-07-20 06:30:00,,,,
2020-07-20 06:45:00,,,,
2020-07-20 07:00:00,,,,
2020-07-20 07:15:00,,,,
2020-07-20 07:30:00,,,,
2020-07-20 07:45:00,,,,
2020-07-20 08:00:00,,,,
2020-07-20 08:15:00,,,,
2020-07-20 08:30:00,,,,
2020-07-20 08:45:00,,,,
2020-07-20 09:00:00,,,,
2020-07-20 09:15:00,,,,
2020-07-20 09:30:00,,,,
2020-07-20 09:45:00,,,,
2020-07-20 10:00:00,,,,
2020-07-20 10:15:00,,,,
2020-07-20 10:30:00,,,,
2020-07-20 10:45:00,,,,
2020-07-20 11:00:00,,,,
2020-07-20 11:15:00,,,,
2020-07-20 11:30:00,,,,
2020-07-20 11:45:00,,,,
2020-07-20 12:00:00,,,,
2020-07-20 12:15:00,,,,
2020-07-20 12:30:00,,,,
2020-07-20 12:45:00,,,,
2020-07-20 13:00:00,,,,
2020-07-20 13:15:00,,,,
2020-07-20 13:30:00,,,,
2020-07-20 13:45:00,,,,
2020-07-20 14:00:00,,,,
2020-07-20 14:15:00,,,,
2020-07-20 14:30:00,,,,
2020-07-20 14:45:00,,,,
2020-07-20 15:00:00,,,,
2020-07-20 15:15:00,,,,
2020-07-20 15:30:00,,,,
2020-07-20 15:45:00,,,,
2020-07-20 16:00:00,,,,
2020-07-20 16:15:00,,,,
2020-07-20 16:30:00,,,,
2020-07-20 16:45:00,,,,
2020-07-20 17:00:00,,,,
2020-07-20 17:15:00,25100.0,25100.0,25069.0,25069.0
2020-07-20 17:30:00,25080.0,25081.0,25080.0,25081.0
2020-07-20 17:45:00,25084.0,25084.0,25083.0,25083.0
2020-07-20 18:00:00,25060.0,25060.0,25060.0,25060.0
2020-07-20 18:15:00,25054.0,25054.0,25054.0,25054.0
2020-07-20 18:30:00,,,,
2020-07-20 18:45:00,,,,
2020-07-20 19:00:00,25074.0,25074.0,25074.0,25074.0
2020-07-20 19:15:00,,,,
2020-07-20 19:30:00,,,,
2020-07-20 19:45:00,25100.0,25102.0,25086.0,25086.0
2020-07-20 20:00:00,,,,
2020-07-20 20:15:00,,,,
2020-07-20 20:30:00,,,,
2020-07-20 20:45:00,25070.0,25070.0,25070.0,25070.0
2020-07-20 21:00:00,25078.0,25078.0,25078.0,25078.0
2020-07-20 21:15:00,,,,
2020-07-20 21:30:00,,,,
2020-07-20 21:45:00,25061.0,25061.0,25059.0,25059.0
2020-07-20 22:00:00,25070.0,25090.0,25070.0,25090.0
2020-07-20 22:15:00,25100.0,25160.0,25100.0,25160.0
2020-07-20 22:30:00,25138.0,25162.0,25138.0,25162.0
2020-07-20 22:45:00,25146.0,25146.0,25146.0,25146.0
2020-07-20 23:00:00,,,,
2020-07-20 23:15:00,25178.0,25195.0,25163.0,25193.0
2020-07-20 23:30:00,,,,
2020-07-20 23:45:00,,,,
2020-07-21 00:00:00,25182.0,25182.0,25182.0,25182.0
2020-07-21 00:15:00,,,,
2020-07-21 00:30:00,25167.0,25167.0,25167.0,25167.0
2020-07-21 00:45:00,,,,
2020-07-21 01:00:00,,,,
2020-07-21 01:15:00,,,,
2020-07-21 01:30:00,25205.0,25205.0,25205.0,25205.0
2020-07-21 01:45:00,,,,
2020-07-21 02:00:00,,,,
2020-07-21 02:15:00,25198.0,25198.0,25198.0,25198.0
2020-07-21 02:30:00,,,,
2020-07-21 02:45:00,,,,
2020-07-21 03:00:00,,,,
2020-07-21 03:15:00,,,,
2020-07-21 03:30:00,,,,
2020-07-21 03:45:00,,,,
2020-07-21 04:00:00,,,,
2020-07-21 04:15:00,,,,
2020-07-21 04:30:00,,,,
2020-07-21 04:45:00,,,,
2020-07-21 05:00:00,,,,
2020-07-21 05:15:00,,,,
2020-07-21 05:30:00,,,,
2020-07-21 05:45:00,,,,
2020-07-21 06:00:00,,,,
2020-07-21 06:15:00,,,,
2020-07-21 06:30:00,,,,
2020-07-21 06:45:00,,,,
2020-07-21 07:00:00,,,,
2020-07-21 07:15:00,,,,
2020-07-21 07:30:00,,,,
2020-07-21 07:45:00,,,,
2020-07-21 08:00:00,,,,
2020-07-21 08:15:00,,,,
2020-07-21 08:30:00,,,,
2020-07-21 08:45:00,,,,
2020-07-21 09:00:00,,,,
2020-07-21 09:15:00,,,,
2020-07-21 09:30:00,,,,
2020-07-21 09:45:00,,,,
2020-07-21 10:00:00,,,,
2020-07-21 10:15:00,,,,
2020-07-21 10:30:00,,,,
2020-07-21 10:45:00,,,,
2020-07-21 11:00:00,,,,
2020-07-21 11:15:00,,,,
2020-07-21 11:30:00,,,,
2020-07-21 11:45:00,,,,
2020-07-21 12:00:00,,,,
2020-07-21 12:15:00,,,,
2020-07-21 12:30:00,,,,
2020-07-21 12:45:00,,,,
2020-07-21 13:00:00,,,,
2020-07-21 13:15:00,,,,
2020-07-21 13:30:00,,,,
2020-07-21 13:45:00,,,,
2020-07-21 14:00:00,,,,
2020-07-21 14:15:00,,,,
2020-07-21 14:30:00,,,,
2020-07-21 14:45:00,,,,
2020-07-21 15:00:00,,,,
2020-07-21 15:15:00,,,,
2020-07-21 15:30:00,,,,
2020-07-21 15:45:00,,,,
2020-07-21 16:00:00,,,,
2020-07-21 16:15:00,,,,
2020-07-21 16:30:00,,,,
2020-07-21 16:45:00,,,,
2020-07-21 17:00:00,,,,
2020-07-21 17:15:00,25600.0,25607.0,25582.0,25594.0
2020-07-21 17:30:00,25634.0,25648.0,25631.0,25648.0
2020-07-21 17:45:00,25650.0,25650.0,25640.0,25640.0
2020-07-21 18:00:00,25633.0,25633.0,25630.0,25630.0
2020-07-21 18:15:00,25634.0,25634.0,25634.0,25634.0
2020-07-21 18:30:00,25645.0,25645.0,25644.0,25645.0
2020-07-21 18:45:00,,,,
2020-07-21 19:00:00,25658.0,25658.0,25657.0,25657.0
2020-07-21 19:15:00,25656.0,25656.0,25655.0,25655.0
2020-07-21 19:30:00,25656.0,25656.0,25656.0,25656.0
2020-07-21 19:45:00,25658.0,25658.0,25639.0,25645.0
2020-07-21 20:00:00,25641.0,25643.0,25639.0,25643.0
2020-07-21 20:15:00,25653.0,25653.0,25648.0,25648.0
2020-07-21 20:30:00,25637.0,25643.0,25637.0,25643.0
2020-07-21 20:45:00,25641.0,25641.0,25641.0,25641.0
2020-07-21 21:00:00,25633.0,25638.0,25600.0,25600.0
2020-07-21 21:15:00,25600.0,25609.0,25600.0,25609.0
2020-07-21 21:30:00,25587.0,25587.0,25520.0,25547.0
2020-07-21 21:45:00,25534.0,25565.0,25534.0,25565.0
2020-07-21 22:00:00,25568.0,25568.0,25538.0,25538.0
2020-07-21 22:15:00,25520.0,25520.0,25495.0,25495.0
2020-07-21 22:30:00,25525.0,25526.0,25500.0,25518.0
2020-07-21 22:45:00,25544.0,25575.0,25544.0,25575.0
2020-07-21 23:00:00,25570.0,25570.0,25570.0,25570.0
2020-07-21 23:15:00,25564.0,25564.0,25560.0,25560.0
2020-07-21 23:30:00,25550.0,25550.0,25546.0,25546.0
2020-07-21 23:45:00,,,,
2020-07-22 00:00:00,25521.0,25521.0,25521.0,25521.0
2020-07-22 00:15:00,25529.0,25530.0,25529.0,25530.0
2020-07-22 00:30:00,,,,
2020-07-22 00:45:00,25539.0,25539.0,25539.0,25539.0
2020-07-22 01:00:00,,,,
2020-07-22 01:15:00,,,,
2020-07-22 01:30:00,,,,
2020-07-22 01:45:00,,,,
2020-07-22 02:00:00,,,,
2020-07-22 02:15:00,,,,
2020-07-22 02:30:00,,,,
2020-07-22 02:45:00,,,,
2020-07-22 03:00:00,,,,
2020-07-22 03:15:00,,,,
2020-07-22 03:30:00,,,,
2020-07-22 03:45:00,,,,
2020-07-22 04:00:00,,,,
2020-07-22 04:15:00,,,,
2020-07-22 04:30:00,,,,
2020-07-22 04:45:00,,,,
2020-07-22 05:00:00,,,,
2020-07-22 05:15:00,,,,
2020-07-22 05:30:00,,,,
2020-07-22 05:45:00,,,,
2020-07-22 06:00:00,,,,
2020-07-22 06:15:00,,,,
2020-07-22 06:30:00,,,,
2020-07-22 06:45:00,,,,
2020-07-22 07:00:00,,,,
2020-07-22 07:15:00,,,,
2020-07-22 07:30:00,,,,
2020-07-22 07:45:00,,,,
2020-07-22 08:00:00,,,,
2020-07-22 08:15:00,,,,
2020-07-22 08:30:00,,,,
2020-07-22 08:45:00,,,,
2020-07-22 09:00:00,,,,
2020-07-22 09:15:00,,,,
2020-07-22 09:30:00,,,,
2020-07-22 09:45:00,,,,
2020-07-22 10:00:00,,,,
2020-07-22 10:15:00,,,,
2020-07-22 10:30:00,,,,
2020-07-22 10:45:00,,,,
2020-07-22 11:00:00,,,,
2020-07-22 11:15:00,,,,
2020-07-22 11:30:00,,,,
2020-07-22 11:45:00,,,,
2020-07-22 12:00:00,,,,
2020-07-22 12:15:00,,,,
2020-07-22 12:30:00,,,,
2020-07-22 12:45:00,,,,
2020-07-22 13:00:00,,,,
2020-07-22 13:15:00,,,,
2020-07-22 13:30:00,,,,
2020-07-22 13:45:00,,,,
2020-07-22 14:00:00,,,,
2020-07-22 14:15:00,,,,
2020-07-22 14:30:00,,,,
2020-07-22 14:45:00,,,,
2020-07-22 15:00:00,,,,
2020-07-22 15:15:00,,,,
2020-07-22 15:30:00,,,,
2020-07-22 15:45:00,,,,
2020-07-22 16:00:00,,,,
2020-07-22 16:15:00,,,,
2020-07-22 16:30:00,,,,
2020-07-22 16:45:00,,,,
2020-07-22 17:00:00,,,,
2020-07-22 17:15:00,24950.0,25025.0,24949.0,25010.0
2020-07-22 17:30:00,25000.0,25095.0,25000.0,25095.0
2020-07-22 17:45:00,25096.0,25181.0,25091.0,25181.0
2020-07-22 18:00:00,25171.0,25171.0,25125.0,25125.0
2020-07-22 18:15:00,25121.0,25138.0,25121.0,25138.0
2020-07-22 18:30:00,25148.0,25180.0,25148.0,25179.0
2020-07-22 18:45:00,25177.0,25180.0,25162.0,25180.0
2020-07-22 19:00:00,25198.0,25200.0,25186.0,25186.0
2020-07-22 19:15:00,,,,
2020-07-22 19:30:00,,,,
2020-07-22 19:45:00,25200.0,25206.0,25199.0,25206.0
2020-07-22 20:00:00,25201.0,25209.0,25201.0,25209.0
2020-07-22 20:15:00,25205.0,25205.0,25187.0,25187.0
2020-07-22 20:30:00,,,,
2020-07-22 20:45:00,25195.0,25195.0,25193.0,25193.0
2020-07-22 21:00:00,25193.0,25193.0,25193.0,25193.0
2020-07-22 21:15:00,25157.0,25157.0,25157.0,25157.0
2020-07-22 21:30:00,25135.0,25135.0,25100.0,25100.0
2020-07-22 21:45:00,25150.0,25200.0,25150.0,25200.0
2020-07-22 22:00:00,25141.0,25163.0,25140.0,25140.0
2020-07-22 22:15:00,25143.0,25144.0,25143.0,25144.0
2020-07-22 22:30:00,25113.0,25113.0,25113.0,25113.0
2020-07-22 22:45:00,25100.0,25100.0,25083.0,25083.0
2020-07-22 23:00:00,25050.0,25050.0,25050.0,25050.0
2020-07-22 23:15:00,25050.0,25087.0,25050.0,25087.0
2020-07-22 23:30:00,25109.0,25109.0,25109.0,25109.0
2020-07-22 23:45:00,25115.0,25115.0,25115.0,25115.0
2020-07-23 00:00:00,25090.0,25090.0,25084.0,25084.0
2020-07-23 00:15:00,25085.0,25087.0,25085.0,25087.0
2020-07-23 00:30:00,25076.0,25076.0,25076.0,25076.0
2020-07-23 00:45:00,25071.0,25071.0,25054.0,25062.0
2020-07-23 01:00:00,25060.0,25079.0,25060.0,25079.0
2020-07-23 01:15:00,,,,
2020-07-23 01:30:00,25053.0,25053.0,25053.0,25053.0
2020-07-23 01:45:00,25025.0,25025.0,25007.0,25007.0
2020-07-23 02:00:00,25015.0,25021.0,25013.0,25013.0
2020-07-23 02:15:00,,,,
2020-07-23 02:30:00,,,,
2020-07-23 02:45:00,25048.0,25050.0,25048.0,25050.0
2020-07-23 03:00:00,,,,
2020-07-23 03:15:00,,,,
2020-07-23 03:30:00,,,,
2020-07-23 03:45:00,,,,
2020-07-23 04:00:00,,,,
2020-07-23 04:15:00,,,,
2020-07-23 04:30:00,,,,
2020-07-23 04:45:00,,,,
2020-07-23 05:00:00,,,,
2020-07-23 05:15:00,,,,
2020-07-23 05:30:00,,,,
2020-07-23 05:45:00,,,,
2020-07-23 06:00:00,,,,
2020-07-23 06:15:00,,,,
2020-07-23 06:30:00,,,,
2020-07-23 06:45:00,,,,
2020-07-23 07:00:00,,,,
2020-07-23 07:15:00,,,,
2020-07-23 07:30:00,,,,
2020-07-23 07:45:00,,,,
2020-07-23 08:00:00,,,,
2020-07-23 08:15:00,,,,
2020-07-23 08:30:00,,,,
2020-07-23 08:45:00,,,,
2020-07-23 09:00:00,,,,
2020-07-23 09:15:00,,,,
2020-07-23 09:30:00,,,,
2020-07-23 09:45:00,,,,
2020-07-23 10:00:00,,,,
2020-07-23 10:15:00,,,,
2020-07-23 10:30:00,,,,
2020-07-23 10:45:00,,,,
2020-07-23 11:00:00,,,,
2020-07-23 11:15:00,,,,
2020-07-23 11:30:00,,,,
2020-07-23 11:45:00,,,,
2020-07-23 12:00:00,,,,
2020-07-23 12:15:00,,,,
2020-07-23 12:30:00,,,,
2020-07-23 12:45:00,,,,
2020-07-23 13:00:00,,,,
2020-07-23 13:15:00,,,,
2020-07-23 13:30:00,,,,
2020-07-23 13:45:00,,,,
2020-07-23 14:00:00,,,,
2020-07-23 14:15:00,,,,
2020-07-23 14:30:00,,,,
2020-07-23 14:45:00,,,,
2020-07-23 15:00:00,,,,
2020-07-23 15:15:00,,,,
2020-07-23 15:30:00,,,,
2020-07-23 15:45:00,,,,
2020-07-23 16:00:00,,,,
2020-07-23 16:15:00,,,,
2020-07-23 16:30:00,,,,
2020-07-23 16:45:00,,,,
2020-07-23 17:00:00,,,,
2020-07-23 17:15:00,25174.0,25188.0,25169.0,25188.0
2020-07-23 17:30:00,25199.0,25199.0,25195.0,25195.0
2020-07-23 17:45:00,25170.0,25175.0,25166.0,25166.0
2020-07-23 18:00:00,25200.0,25209.0,25196.0,25196.0
2020-07-23 18:15:00,,,,
2020-07-23 18:30:00,25168.0,25168.0,25168.0,25168.0
2020-07-23 18:45:00,25151.0,25171.0,25151.0,25171.0
2020-07-23 19:00:00,25170.0,25175.0,25168.0,25170.0
2020-07-23 19:15:00,,,,
2020-07-23 19:30:00,25158.0,25158.0,25158.0,25158.0
2020-07-23 19:45:00,25150.0,25150.0,25100.0,25100.0
2020-07-23 20:00:00,25100.0,25118.0,25093.0,25093.0
2020-07-23 20:15:00,,,,
2020-07-23 20:30:00,25100.0,25100.0,25100.0,25100.0
2020-07-23 20:45:00,25100.0,25100.0,25060.0,25060.0
2020-07-23 21:00:00,25033.0,25086.0,25032.0,25086.0
2020-07-23 21:15:00,25100.0,25100.0,25088.0,25088.0
2020-07-23 21:30:00,25105.0,25105.0,25061.0,25090.0
2020-07-23 21:45:00,25118.0,25118.0,25105.0,25105.0
2020-07-23 22:00:00,25086.0,25086.0,25086.0,25086.0
2020-07-23 22:15:00,25091.0,25091.0,25066.0,25066.0
2020-07-23 22:30:00,25116.0,25128.0,25103.0,25128.0
2020-07-23 22:45:00,25141.0,25142.0,25103.0,25103.0
2020-07-23 23:00:00,25120.0,25120.0,25107.0,25107.0
2020-07-23 23:15:00,25130.0,25130.0,25130.0,25130.0
2020-07-23 23:30:00,,,,
2020-07-23 23:45:00,,,,
2020-07-24 00:00:00,25110.0,25110.0,25088.0,25088.0
2020-07-24 00:15:00,25083.0,25090.0,25080.0,25080.0
2020-07-24 00:30:00,25077.0,25086.0,25056.0,25083.0
2020-07-24 00:45:00,25086.0,25087.0,25036.0,25036.0
2020-07-24 01:00:00,25065.0,25065.0,25055.0,25055.0
2020-07-24 01:15:00,25055.0,25055.0,25040.0,25040.0
2020-07-24 01:30:00,25034.0,25034.0,24986.0,24986.0
2020-07-24 01:45:00,24995.0,24995.0,24950.0,24962.0
2020-07-24 02:00:00,24940.0,24940.0,24902.0,24902.0
2020-07-24 02:15:00,24900.0,24930.0,24895.0,24930.0
2020-07-24 02:30:00,24920.0,24920.0,24920.0,24920.0
2020-07-24 02:45:00,24923.0,24942.0,24923.0,24931.0
2020-07-24 03:00:00,,,,
2020-07-24 03:15:00,,,,
2020-07-24 03:30:00,,,,
2020-07-24 03:45:00,,,,
2020-07-24 04:00:00,,,,
2020-07-24 04:15:00,,,,
2020-07-24 04:30:00,,,,
2020-07-24 04:45:00,,,,
2020-07-24 05:00:00,,,,
2020-07-24 05:15:00,,,,
2020-07-24 05:30:00,,,,
2020-07-24 05:45:00,,,,
2020-07-24 06:00:00,,,,
2020-07-24 06:15:00,,,,
2020-07-24 06:30:00,,,,
2020-07-24 06:45:00,,,,
2020-07-24 07:00:00,,,,
2020-07-24 07:15:00,,,,
2020-07-24 07:30:00,,,,
2020-07-24 07:45:00,,,,
2020-07-24 08:00:00,,,,
2020-07-24 08:15:00,,,,
2020-07-24 08:30:00,,,,
2020-07-24 08:45:00,,,,
2020-07-24 09:00:00,,,,
2020-07-24 09:15:00,,,,
2020-07-24 09:30:00,,,,
2020-07-24 09:45:00,,,,
2020-07-24 10:00:00,,,,
2020-07-24 10:15:00,,,,
2020-07-24 10:30:00,,,,
2020-07-24 10:45:00,,,,
2020-07-24 11:00:00,,,,
2020-07-24 11:15:00,,,,
2020-07-24 11:30:00,,,,
2020-07-24 11:45:00,,,,
2020-07-24 12:00:00,,,,
2020-07-24 12:15:00,,,,
2020-07-24 12:30:00,,,,
2020-07-24 12:45:00,,,,
2020-07-24 13:00:00,,,,
2020-07-24 13:15:00,,,,
2020-07-24 13:30:00,,,,
2020-07-24 13:45:00,,,,
2020-07-24 14:00:00,,,,
2020-07-24 14:15:00,,,,
2020-07-24 14:30:00,,,,
2020-07-24 14:45:00,,,,
2020-07-24 15:00:00,,,,
2020-07-24 15:15:00,,,,
2020-07-24 15:30:00,,,,
2020-07-24 15:45:00,,,,
2020-07-24 16:00:00,,,,
2020-07-24 16:15:00,,,,
2020-07-24 16:30:00,,,,
2020-07-24 16:45:00,,,,
2020-07-24 17:00:00,,,,
2020-07-24 17:15:00,24698.0,24720.0,24694.0,24708.0
2020-07-24 17:30:00,24704.0,24725.0,24696.0,24700.0
2020-07-24 17:45:00,24698.0,24717.0,24698.0,24717.0
2020-07-24 18:00:00,24716.0,24740.0,24713.0,24740.0
2020-07-24 18:15:00,24735.0,24740.0,24721.0,24732.0
2020-07-24 18:30:00,24718.0,24719.0,24675.0,24677.0
2020-07-24 18:45:00,24683.0,24690.0,24680.0,24690.0
2020-07-24 19:00:00,24710.0,24715.0,24710.0,24715.0
2020-07-24 19:15:00,24697.0,24697.0,24681.0,24681.0
2020-07-24 19:30:00,24682.0,24693.0,24682.0,24693.0
2020-07-24 19:45:00,24695.0,24695.0,24681.0,24695.0
2020-07-24 20:00:00,24708.0,24715.0,24708.0,24709.0
2020-07-24 20:15:00,24705.0,24705.0,24705.0,24705.0
2020-07-24 20:30:00,24696.0,24696.0,24690.0,24692.0
2020-07-24 20:45:00,24689.0,24705.0,24680.0,24680.0
2020-07-24 21:00:00,24676.0,24677.0,24676.0,24677.0
2020-07-24 21:15:00,24673.0,24673.0,24670.0,24670.0
2020-07-24 21:30:00,24688.0,24712.0,24644.0,24670.0
2020-07-24 21:45:00,24649.0,24698.0,24648.0,24697.0
2020-07-24 22:00:00,24697.0,24750.0,24696.0,24727.0
2020-07-24 22:15:00,24730.0,24768.0,24730.0,24747.0
2020-07-24 22:30:00,24747.0,24750.0,24700.0,24700.0
2020-07-24 22:45:00,24715.0,24756.0,24715.0,24756.0
2020-07-24 23:00:00,24761.0,24770.0,24761.0,24765.0
2020-07-24 23:15:00,24733.0,24740.0,24723.0,24740.0
2020-07-24 23:30:00,24727.0,24730.0,24727.0,24728.0
2020-07-24 23:45:00,24729.0,24729.0,24729.0,24729.0
2020-07-25 00:00:00,24730.0,24730.0,24714.0,24714.0
2020-07-25 00:15:00,24718.0,24718.0,24718.0,24718.0
2020-07-25 00:30:00,,,,
2020-07-25 00:45:00,,,,
2020-07-25 01:00:00,24709.0,24709.0,24699.0,24699.0
2020-07-25 01:15:00,24707.0,24707.0,24707.0,24707.0
2020-07-25 01:30:00,24727.0,24727.0,24727.0,24727.0
2020-07-25 01:45:00,24734.0,24750.0,24734.0,24750.0
2020-07-25 02:00:00,24762.0,24762.0,24762.0,24762.0
2020-07-25 02:15:00,24764.0,24780.0,24764.0,24780.0
2020-07-25 02:30:00,24782.0,24782.0,24779.0,24779.0
2020-07-25 02:45:00,24785.0,24788.0,24780.0,24788.0
2020-07-25 03:00:00,,,,
2020-07-25 03:15:00,,,,
2020-07-25 03:30:00,,,,
2020-07-25 03:45:00,,,,
2020-07-25 04:00:00,,,,
2020-07-25 04:15:00,,,,
2020-07-25 04:30:00,,,,
2020-07-25 04:45:00,,,,
2020-07-25 05:00:00,,,,
2020-07-25 05:15:00,,,,
2020-07-25 05:30:00,,,,
2020-07-25 05:45:00,,,,
2020-07-25 06:00:00,,,,
2020-07-25 06:15:00,,,,
2020-07-25 06:30:00,,,,
2020-07-25 06:45:00,,,,
2020-07-25 07:00:00,,,,
2020-07-25 07:15:00,,,,
2020-07-25 07:30:00,,,,
2020-07-25 07:45:00,,,,
2020-07-25 08:00:00,,,,
2020-07-25 08:15:00,,,,
2020-07-25 08:30:00,,,,
2020-07-25 08:45:00,,,,
2020-07-25 09:00:00,,,,
2020-07-25 09:15:00,,,,
2020-07-25 09:30:00,,,,
2020-07-25 09:45:00,,,,
2020-07-25 10:00:00,,,,
2020-07-25 10:15:00,,,,
2020-07-25 10:30:00,,,,
2020-07-25 10:45:00,,,,
2020-07-25 11:00:00,,,,
2020-07-25 11:15:00,,,,
2020-07-25 11:30:00,,,,
2020-07-25 11:45:00,,,,
2020-07-25 12:00:00,,,,
2020-07-25 12:15:00,,,,
2020-07-25 12:30:00,,,,
2020-07-25 12:45:00,,,,
2020-07-25 13:00:00,,,,
2020-07-25 13:15:00,,,,
2020-07-25 13:30:00,,,,
2020-07-25 13:45:00,,,,
2020-07-25 14:00:00,,,,
2020-07-25 14:15:00,,,,
2020-07-25 14:30:00,,,,
2020-07-25 14:45:00,,,,
2020-07-25 15:00:00,,,,
2020-07-25 15:15:00,,,,
2020-07-25 15:30:00,,,,
2020-07-25 15:45:00,,,,
2020-07-25 16:00:00,,,,
2020-07-25 16:15:00,,,,
2020-07-25 16:30:00,,,,
2020-07-25 16:45:00,,,,
2020-07-25 17:00:00,,,,
2020-07-25 17:15:00,,,,
2020-07-25 17:30:00,,,,
2020-07-25 17:45:00,,,,
2020-07-25 18:00:00,,,,
2020-07-25 18:15:00,,,,
2020-07-25 18:30:00,,,,
2020-07-25 18:45:00,,,,
2020-07-25 19:00:00,,,,
2020-07-25 19:15:00,,,,
2020-07-25 19:30:00,,,,
2020-07-25 19:45:00,,,,
2020-07-25 20:00:00,,,,
2020-07-25 20:15:00,,,,
2020-07-25 20:30:00,,,,
2020-07-25 20:45:00,,,,
2020-07-25 21:00:00,,,,
2020-07-25 21:15:00,,,,
2020-07-25 21:30:00,,,,
2020-07-25 21:45:00,,,,
2020-07-25 22:00:00,,,,
2020-07-25 22:15:00,,,,
2020-07-25 22:30:00,,,,
2020-07-25 22:45:00,,,,
2020-07-25 23:00:00,,,,
2020-07-25 23:15:00,,,,
2020-07-25 23:30:00,,,,
2020-07-25 23:45:00,,,,
2020-07-26 00:00:00,,,,
2020-07-26 00:15:00,,,,
2020-07-26 00:30:00,,,,
2020-07-26 00:45:00,,,,
2020-07-26 01:00:00,,,,
2020-07-26 01:15:00,,,,
2020-07-26 01:30:00,,,,
2020-07-26 01:45:00,,,,
2020-07-26 02:00:00,,,,
2020-07-26 02:15:00,,,,
2020-07-26 02:30:00,,,,
2020-07-26 02:45:00,,,,
2020-07-26 03:00:00,,,,
2020-07-26 03:15:00,,,,
2020-07-26 03:30:00,,,,
2020-07-26 03:45:00,,,,
2020-07-26 04:00:00,,,,
2020-07-26 04:15:00,,,,
2020-07-26 04:30:00,,,,
2020-07-26 04:45:00,,,,
2020-07-26 05:00:00,,,,
2020-07-26 05:15:00,,,,
2020-07-26 05:30:00,,,,
2020-07-26 05:45:00,,,,
2020-07-26 06:00:00,,,,
2020-07-26 06:15:00,,,,
2020-07-26 06:30:00,,,,
2020-07-26 06:45:00,,,,
2020-07-26 07:00:00,,,,
2020-07-26 07:15:00,,,,
2020-07-26 07:30:00,,,,
2020-07-26 07:45:00,,,,
2020-07-26 08:00:00,,,,
2020-07-26 08:15:00,,,,
2020-07-26 08:30:00,,,,
2020-07-26 08:45:00,,,,
2020-07-26 09:00:00,,,,
2020-07-26 09:15:00,,,,
2020-07-26 09:30:00,,,,
2020-07-26 09:45:00,,,,
2020-07-26 10:00:00,,,,
2020-07-26 10:15:00,,,,
2020-07-26 10:30:00,,,,
2020-07-26 10:45:00,,,,
2020-07-26 11:00:00,,,,
2020-07-26 11:15:00,,,,
2020-07-26 11:30:00,,,,
2020-07-26 11:45:00,,,,
2020-07-26 12:00:00,,,,
2020-07-26 12:15:00,,,,
2020-07-26 12:30:00,,,,
2020-07-26 12:45:00,,,,
2020-07-26 13:00:00,,,,
2020-07-26 13:15:00,,,,
2020-07-26 13:30:00,,,,
2020-07-26 13:45:00,,,,
2020-07-26 14:00:00,,,,
2020-07-26 14:15:00,,,,
2020-07-26 14:30:00,,,,
2020-07-26 14:45:00,,,,
2020-07-26 15:00:00,,,,
2020-07-26 15:15:00,,,,
2020-07-26 15:30:00,,,,
2020-07-26 15:45:00,,,,
2020-07-26 16:00:00,,,,
2020-07-26 16:15:00,,,,
2020-07-26 16:30:00,,,,
2020-07-26 16:45:00,,,,
2020-07-26 17:00:00,,,,
2020-07-26 17:15:00,,,,
2020-07-26 17:30:00,,,,
2020-07-26 17:45:00,,,,
2020-07-26 18:00:00,,,,
2020-07-26 18:15:00,,,,
2020-07-26 18:30:00,,,,
2020-07-26 18:45:00,,,,
2020-07-26 19:00:00,,,,
2020-07-26 19:15:00,,,,
2020-07-26 19:30:00,,,,
2020-07-26 19:45:00,,,,
2020-07-26 20:00:00,,,,
2020-07-26 20:15:00,,,,
2020-07-26 20:30:00,,,,
2020-07-26 20:45:00,,,,
2020-07-26 21:00:00,,,,
2020-07-26 21:15:00,,,,
2020-07-26 21:30:00,,,,
2020-07-26 21:45:00,,,,
2020-07-26 22:00:00,,,,
2020-07-26 22:15:00,,,,
2020-07-26 22:30:00,,,,
2020-07-26 22:45:00,,,,
2020-07-26 23:00:00,,,,
2020-07-26 23:15:00,,,,
2020-07-26 23:30:00,,,,
2020-07-26 23:45:00,,,,
2020-07-27 00:00:00,,,,
2020-07-27 00:15:00,,,,
2020-07-27 00:30:00,,,,
2020-07-27 00:45:00,,,,
2020-07-27 01:00:00,,,,
2020-07-27 01:15:00,,,,
2020-07-27 01:30:00,,,,
2020-07-27 01:45:00,,,,
2020-07-27 02:00:00,,,,
2020-07-27 02:15:00,,,,
2020-07-27 02:30:00,,,,
2020-07-27 02:45:00,,,,
2020-07-27 03:00:00,,,,
2020-07-27 03:15:00,,,,
2020-07-27 03:30:00,,,,
2020-07-27 03:45:00,,,,
2020-07-27 04:00:00,,,,
2020-07-27 04:15:00,,,,
2020-07-27 04:30:00,,,,
2020-07-27 04:45:00,,,,
2020-07-27 05:00:00,,,,
2020-07-27 05:15:00,,,,
2020-07-27 05:30:00,,,,
2020-07-27 05:45:00,,,,
2020-07-27 06:00:00,,,,
2020-07-27 06:15:00,,,,
2020-07-27 06:30:00,,,,
2020-07-27 06:45:00,,,,
2020-07-27 07:00:00,,,,
2020-07-27 07:15:00,,,,
2020-07-27 07:30:00,,,,
2020-07-27 07:45:00,,,,
2020-07-27 08:00:00,,,,
2020-07-27 08:15:00,,,,
2020-07-27 08:30:00,,,,
2020-07-27 08:45:00,,,,
2020-07-27 09:00:00,,,,
2020-07-27 09:15:00,,,,
2020-07-27 09:30:00,,,,
2020-07-27 09:45:00,,,,
2020-07-27 10:00:00,,,,
2020-07-27 10:15:00,,,,
2020-07-27 10:30:00,,,,
2020-07-27 10:45:00,,,,
2020-07-27 11:00:00,,,,
2020-07-27 11:15:00,,,,
2020-07-27 11:30:00,,,,
2020-07-27 11:45:00,,,,
2020-07-27 12:00:00,,,,
2020-07-27 12:15:00,,,,
2020-07-27 12:30:00,,,,
2020-07-27 12:45:00,,,,
2020-07-27 13:00:00,,,,
2020-07-27 13:15:00,,,,
2020-07-27 13:30:00,,,,
2020-07-27 13:45:00,,,,
2020-07-27 14:00:00,,,,
2020-07-27 14:15:00,,,,
2020-07-27 14:30:00,,,,
2020-07-27 14:45:00,,,,
2020-07-27 15:00:00,,,,
2020-07-27 15:15:00,,,,
2020-07-27 15:30:00,,,,
2020-07-27 15:45:00,,,,
2020-07-27 16:00:00,,,,
2020-07-27 16:15:00,,,,
2020-07-27 16:30:00,,,,
2020-07-27 16:45:00,,,,
2020-07-27 17:00:00,,,,
2020-07-27 17:15:00,24601.0,24674.0,24601.0,24674.0
2020-07-27 17:30:00,24678.0,24687.0,24657.0,24658.0
2020-07-27 17:45:00,24657.0,24657.0,24625.0,24647.0
2020-07-27 18:00:00,24649.0,24654.0,24635.0,24635.0
2020-07-27 18:15:00,24637.0,24653.0,24636.0,24648.0
2020-07-27 18:30:00,24660.0,24663.0,24644.0,24648.0
2020-07-27 18:45:00,24656.0,24656.0,24640.0,24640.0
2020-07-27 19:00:00,24639.0,24646.0,24614.0,24627.0
2020-07-27 19:15:00,24630.0,24638.0,24621.0,24638.0
2020-07-27 19:30:00,24642.0,24648.0,24636.0,24647.0
2020-07-27 19:45:00,24646.0,24668.0,24636.0,24668.0
2020-07-27 20:00:00,24663.0,24671.0,24649.0,24656.0
2020-07-27 20:15:00,24658.0,24658.0,24640.0,24648.0
2020-07-27 20:30:00,24652.0,24655.0,24629.0,24634.0
2020-07-27 20:45:00,24639.0,24668.0,24636.0,24668.0
2020-07-27 21:00:00,24668.0,24679.0,24660.0,24666.0
2020-07-27 21:15:00,24660.0,24690.0,24660.0,24680.0
2020-07-27 21:30:00,24678.0,24691.0,24644.0,24686.0
2020-07-27 21:45:00,24698.0,24720.0,24695.0,24697.0
2020-07-27 22:00:00,24696.0,24720.0,24692.0,24715.0
2020-07-27 22:15:00,24697.0,24730.0,24692.0,24721.0
2020-07-27 22:30:00,24723.0,24756.0,24723.0,24743.0
2020-07-27 22:45:00,24755.0,24760.0,24746.0,24760.0
2020-07-27 23:00:00,24754.0,24768.0,24736.0,24736.0
2020-07-27 23:15:00,24732.0,24735.0,24707.0,24709.0
2020-07-27 23:30:00,24711.0,24712.0,24683.0,24692.0
2020-07-27 23:45:00,24700.0,24711.0,24698.0,24700.0
2020-07-28 00:00:00,24702.0,24718.0,24702.0,24718.0
2020-07-28 00:15:00,24716.0,24723.0,24708.0,24723.0
2020-07-28 00:30:00,24719.0,24724.0,24711.0,24724.0
2020-07-28 00:45:00,24725.0,24725.0,24684.0,24690.0
2020-07-28 01:00:00,24705.0,24711.0,24700.0,24702.0
2020-07-28 01:15:00,24705.0,24706.0,24696.0,24700.0
2020-07-28 01:30:00,24710.0,24729.0,24710.0,24723.0
2020-07-28 01:45:00,24724.0,24740.0,24723.0,24739.0
2020-07-28 02:00:00,24742.0,24746.0,24740.0,24741.0
2020-07-28 02:15:00,24741.0,24757.0,24736.0,24757.0
2020-07-28 02:30:00,24758.0,24760.0,24750.0,24754.0
2020-07-28 02:45:00,24754.0,24755.0,24726.0,24726.0
2020-07-28 03:00:00,,,,
2020-07-28 03:15:00,,,,
2020-07-28 03:30:00,,,,
2020-07-28 03:45:00,,,,
2020-07-28 04:00:00,,,,
2020-07-28 04:15:00,,,,
2020-07-28 04:30:00,,,,
2020-07-28 04:45:00,,,,
2020-07-28 05:00:00,,,,
2020-07-28 05:15:00,,,,
2020-07-28 05:30:00,,,,
2020-07-28 05:45:00,,,,
2020-07-28 06:00:00,,,,
2020-07-28 06:15:00,,,,
2020-07-28 06:30:00,,,,
2020-07-28 06:45:00,,,,
2020-07-28 07:00:00,,,,
2020-07-28 07:15:00,,,,
2020-07-28 07:30:00,,,,
2020-07-28 07:45:00,,,,
2020-07-28 08:00:00,,,,
2020-07-28 08:15:00,,,,
2020-07-28 08:30:00,,,,
2020-07-28 08:45:00,,,,
2020-07-28 09:00:00,,,,
2020-07-28 09:15:00,,,,
2020-07-28 09:30:00,,,,
2020-07-28 09:45:00,,,,
2020-07-28 10:00:00,,,,
2020-07-28 10:15:00,,,,
2020-07-28 10:30:00,,,,
2020-07-28 10:45:00,,,,
2020-07-28 11:00:00,,,,
2020-07-28 11:15:00,,,,
2020-07-28 11:30:00,,,,
2020-07-28 11:45:00,,,,
2020-07-28 12:00:00,,,,
2020-07-28 12:15:00,,,,
2020-07-28 12:30:00,,,,
2020-07-28 12:45:00,,,,
2020-07-28 13:00:00,,,,
2020-07-28 13:15:00,,,,
2020-07-28 13:30:00,,,,
2020-07-28 13:45:00,,,,
2020-07-28 14:00:00,,,,
2020-07-28 14:15:00,,,,
2020-07-28 14:30:00,,,,
2020-07-28 14:45:00,,,,
2020-07-28 15:00:00,,,,
2020-07-28 15:15:00,,,,
2020-07-28 15:30:00,,,,
2020-07-28 15:45:00,,,,
2020-07-28 16:00:00,,,,
2020-07-28 16:15:00,,,,
2020-07-28 16:30:00,,,,
2020-07-28 16:45:00,,,,
2020-07-28 17:00:00,,,,
2020-07-28 17:15:00,24740.0,24772.0,24726.0,24740.0
2020-07-28 17:30:00,24732.0,24752.0,24724.0,24724.0
2020-07-28 17:45:00,24722.0,24726.0,24665.0,24680.0
2020-07-28 18:00:00,24677.0,24730.0,24636.0,24660.0
2020-07-28 18:15:00,24657.0,24679.0,24650.0,24676.0
2020-07-28 18:30:00,24675.0,24690.0,24674.0,24687.0
2020-07-28 18:45:00,24685.0,24706.0,24684.0,24705.0
2020-07-28 19:00:00,24705.0,24724.0,24700.0,24706.0
2020-07-28 19:15:00,24691.0,24696.0,24684.0,24690.0
2020-07-28 19:30:00,24687.0,24690.0,24650.0,24662.0
2020-07-28 19:45:00,24660.0,24668.0,24651.0,24653.0
2020-07-28 20:00:00,24651.0,24687.0,24650.0,24687.0
2020-07-28 20:15:00,24687.0,24687.0,24670.0,24671.0
2020-07-28 20:30:00,24686.0,24700.0,24680.0,24700.0
2020-07-28 20:45:00,24695.0,24701.0,24681.0,24701.0
2020-07-28 21:00:00,24700.0,24702.0,24680.0,24680.0
2020-07-28 21:15:00,24686.0,24702.0,24686.0,24695.0
2020-07-28 21:30:00,24705.0,24720.0,24656.0,24684.0
2020-07-28 21:45:00,24692.0,24706.0,24632.0,24652.0
2020-07-28 22:00:00,24651.0,24681.0,24650.0,24681.0
2020-07-28 22:15:00,24684.0,24710.0,24681.0,24698.0
2020-07-28 22:30:00,24700.0,24707.0,24669.0,24672.0
2020-07-28 22:45:00,24668.0,24699.0,24666.0,24689.0
2020-07-28 23:00:00,24689.0,24705.0,24661.0,24702.0
2020-07-28 23:15:00,24695.0,24702.0,24679.0,24698.0
2020-07-28 23:30:00,24700.0,24715.0,24692.0,24696.0
2020-07-28 23:45:00,24702.0,24704.0,24688.0,24688.0
2020-07-29 00:00:00,24689.0,24695.0,24673.0,24683.0
2020-07-29 00:15:00,24685.0,24691.0,24674.0,24682.0
2020-07-29 00:30:00,24684.0,24688.0,24675.0,24675.0
2020-07-29 00:45:00,24677.0,24681.0,24671.0,24674.0
2020-07-29 01:00:00,24677.0,24678.0,24670.0,24677.0
2020-07-29 01:15:00,24669.0,24679.0,24669.0,24675.0
2020-07-29 01:30:00,24674.0,24681.0,24674.0,24677.0
2020-07-29 01:45:00,24680.0,24687.0,24679.0,24679.0
2020-07-29 02:00:00,24682.0,24689.0,24677.0,24688.0
2020-07-29 02:15:00,24683.0,24687.0,24681.0,24681.0
2020-07-29 02:30:00,24683.0,24689.0,24683.0,24684.0
2020-07-29 02:45:00,24684.0,24695.0,24677.0,24692.0
2020-07-29 03:00:00,,,,
2020-07-29 03:15:00,,,,
2020-07-29 03:30:00,,,,
2020-07-29 03:45:00,,,,
2020-07-29 04:00:00,,,,
2020-07-29 04:15:00,,,,
2020-07-29 04:30:00,,,,
2020-07-29 04:45:00,,,,
2020-07-29 05:00:00,,,,
2020-07-29 05:15:00,,,,
2020-07-29 05:30:00,,,,
2020-07-29 05:45:00,,,,
2020-07-29 06:00:00,,,,
2020-07-29 06:15:00,,,,
2020-07-29 06:30:00,,,,
2020-07-29 06:45:00,,,,
2020-07-29 07:00:00,,,,
2020-07-29 07:15:00,,,,
2020-07-29 07:30:00,,,,
2020-07-29 07:45:00,,,,
2020-07-29 08:00:00,,,,
2020-07-29 08:15:00,,,,
2020-07-29 08:30:00,,,,
2020-07-29 08:45:00,,,,
2020-07-29 09:00:00,,,,
2020-07-29 09:15:00,,,,
2020-07-29 09:30:00,,,,
2020-07-29 09:45:00,,,,
2020-07-29 10:00:00,,,,
2020-07-29 10:15:00,,,,
2020-07-29 10:30:00,,,,
2020-07-29 10:45:00,,,,
2020-07-29 11:00:00,,,,
2020-07-29 11:15:00,,,,
2020-07-29 11:30:00,,,,
2020-07-29 11:45:00,,,,
2020-07-29 12:00:00,,,,
2020-07-29 12:15:00,,,,
2020-07-29 12:30:00,,,,
2020-07-29 12:45:00,,,,
2020-07-29 13:00:00,,,,
2020-07-29 13:15:00,,,,
2020-07-29 13:30:00,,,,
2020-07-29 13:45:00,,,,
2020-07-29 14:00:00,,,,
2020-07-29 14:15:00,,,,
2020-07-29 14:30:00,,,,
2020-07-29 14:45:00,,,,
2020-07-29 15:00:00,,,,
2020-07-29 15:15:00,,,,
2020-07-29 15:30:00,,,,
2020-07-29 15:45:00,,,,
2020-07-29 16:00:00,,,,
2020-07-29 16:15:00,,,,
2020-07-29 16:30:00,,,,
2020-07-29 16:45:00,,,,
2020-07-29 17:00:00,,,,
2020-07-29 17:15:00,24846.0,24857.0,24806.0,24849.0
2020-07-29 17:30:00,24852.0,24869.0,24841.0,24859.0
2020-07-29 17:45:00,24861.0,24890.0,24858.0,24882.0
2020-07-29 18:00:00,24884.0,24905.0,24881.0,24884.0
2020-07-29 18:15:00,24882.0,24884.0,24872.0,24880.0
2020-07-29 18:30:00,24879.0,24885.0,24875.0,24881.0
2020-07-29 18:45:00,24880.0,24881.0,24855.0,24858.0
2020-07-29 19:00:00,24860.0,24873.0,24855.0,24871.0
2020-07-29 19:15:00,24870.0,24870.0,24853.0,24863.0
2020-07-29 19:30:00,24859.0,24862.0,24843.0,24858.0
2020-07-29 19:45:00,24858.0,24864.0,24849.0,24850.0
2020-07-29 20:00:00,24848.0,24877.0,24841.0,24871.0
2020-07-29 20:15:00,24869.0,24871.0,24860.0,24865.0
2020-07-29 20:30:00,24865.0,24869.0,24840.0,24853.0
2020-07-29 20:45:00,24851.0,24859.0,24848.0,24858.0
2020-07-29 21:00:00,24853.0,24860.0,24845.0,24855.0
2020-07-29 21:15:00,24853.0,24853.0,24843.0,24846.0
2020-07-29 21:30:00,24844.0,24886.0,24842.0,24852.0
2020-07-29 21:45:00,24852.0,24869.0,24840.0,24856.0
2020-07-29 22:00:00,24858.0,24882.0,24857.0,24876.0
2020-07-29 22:15:00,24876.0,24891.0,24868.0,24869.0
2020-07-29 22:30:00,24870.0,24887.0,24859.0,24882.0
2020-07-29 22:45:00,24883.0,24915.0,24880.0,24914.0
2020-07-29 23:00:00,24909.0,24922.0,24897.0,24908.0
2020-07-29 23:15:00,24907.0,24910.0,24893.0,24909.0
2020-07-29 23:30:00,24908.0,24910.0,24890.0,24909.0
2020-07-29 23:45:00,24911.0,24913.0,24901.0,24903.0
2020-07-30 00:00:00,24902.0,24903.0,24883.0,24885.0
2020-07-30 00:15:00,24885.0,24888.0,24870.0,24870.0
2020-07-30 00:30:00,24870.0,24879.0,24865.0,24872.0
2020-07-30 00:45:00,24871.0,24873.0,24861.0,24864.0
2020-07-30 01:00:00,24865.0,24869.0,24855.0,24867.0
2020-07-30 01:15:00,24867.0,24879.0,24861.0,24877.0
2020-07-30 01:30:00,24879.0,24883.0,24873.0,24877.0
2020-07-30 01:45:00,24876.0,24886.0,24869.0,24869.0
2020-07-30 02:00:00,24875.0,24913.0,24862.0,24900.0
2020-07-30 02:15:00,24902.0,24918.0,24895.0,24910.0
2020-07-30 02:30:00,24910.0,24943.0,24909.0,24940.0
2020-07-30 02:45:00,24944.0,24954.0,24870.0,24900.0
2020-07-30 03:00:00,,,,
2020-07-30 03:15:00,,,,
2020-07-30 03:30:00,,,,
2020-07-30 03:45:00,,,,
2020-07-30 04:00:00,,,,
2020-07-30 04:15:00,,,,
2020-07-30 04:30:00,,,,
2020-07-30 04:45:00,,,,
2020-07-30 05:00:00,,,,
2020-07-30 05:15:00,,,,
2020-07-30 05:30:00,,,,
2020-07-30 05:45:00,,,,
2020-07-30 06:00:00,,,,
2020-07-30 06:15:00,,,,
2020-07-30 06:30:00,,,,
2020-07-30 06:45:00,,,,
2020-07-30 07:00:00,,,,
2020-07-30 07:15:00,,,,
2020-07-30 07:30:00,,,,
2020-07-30 07:45:00,,,,
2020-07-30 08:00:00,,,,
2020-07-30 08:15:00,,,,
2020-07-30 08:30:00,,,,
2020-07-30 08:45:00,,,,
2020-07-30 09:00:00,,,,
2020-07-30 09:15:00,,,,
2020-07-30 09:30:00,,,,
2020-07-30 09:45:00,,,,
2020-07-30 10:00:00,,,,
2020-07-30 10:15:00,,,,
2020-07-30 10:30:00,,,,
2020-07-30 10:45:00,,,,
2020-07-30 11:00:00,,,,
2020-07-30 11:15:00,,,,
2020-07-30 11:30:00,,,,
2020-07-30 11:45:00,,,,
2020-07-30 12:00:00,,,,
2020-07-30 12:15:00,,,,
2020-07-30 12:30:00,,,,
2020-07-30 12:45:00,,,,
2020-07-30 13:00:00,,,,
2020-07-30 13:15:00,,,,
2020-07-30 13:30:00,,,,
2020-07-30 13:45:00,,,,
2020-07-30 14:00:00,,,,
2020-07-30 14:15:00,,,,
2020-07-30 14:30:00,,,,
2020-07-30 14:45:00,,,,
2020-07-30 15:00:00,,,,
2020-07-30 15:15:00,,,,
2020-07-30 15:30:00,,,,
2020-07-30 15:45:00,,,,
2020-07-30 16:00:00,,,,
2020-07-30 16:15:00,,,,
2020-07-30 16:30:00,,,,
2020-07-30 16:45:00,,,,
2020-07-30 17:00:00,,,,
2020-07-30 17:15:00,24616.0,24630.0,24564.0,24617.0
2020-07-30 17:30:00,24621.0,24661.0,24615.0,24657.0
2020-07-30 17:45:00,24658.0,24658.0,24625.0,24628.0
2020-07-30 18:00:00,24630.0,24637.0,24604.0,24636.0
2020-07-30 18:15:00,24637.0,24644.0,24623.0,24629.0
2020-07-30 18:30:00,24628.0,24651.0,24619.0,24626.0
2020-07-30 18:45:00,24627.0,24627.0,24585.0,24598.0
2020-07-30 19:00:00,24598.0,24626.0,24592.0,24623.0
2020-07-30 19:15:00,24624.0,24633.0,24617.0,24629.0
2020-07-30 19:30:00,24630.0,24640.0,24619.0,24640.0
2020-07-30 19:45:00,24640.0,24671.0,24634.0,24665.0
2020-07-30 20:00:00,24663.0,24670.0,24643.0,24650.0
2020-07-30 20:15:00,24652.0,24665.0,24645.0,24656.0
2020-07-30 20:30:00,24656.0,24667.0,24622.0,24640.0
2020-07-30 20:45:00,24633.0,24645.0,24572.0,24583.0
2020-07-30 21:00:00,24582.0,24605.0,24568.0,24599.0
2020-07-30 21:15:00,24599.0,24619.0,24595.0,24615.0
2020-07-30 21:30:00,24613.0,24654.0,24563.0,24571.0
2020-07-30 21:45:00,24568.0,24602.0,24490.0,24494.0
2020-07-30 22:00:00,24492.0,24492.0,24439.0,24463.0
2020-07-30 22:15:00,24460.0,24470.0,24372.0,24433.0
2020-07-30 22:30:00,24433.0,24479.0,24415.0,24418.0
2020-07-30 22:45:00,24418.0,24440.0,24393.0,24433.0
2020-07-30 23:00:00,24433.0,24457.0,24415.0,24430.0
2020-07-30 23:15:00,24429.0,24469.0,24424.0,24430.0
2020-07-30 23:30:00,24435.0,24484.0,24430.0,24474.0
2020-07-30 23:45:00,24473.0,24515.0,24459.0,24502.0
2020-07-31 00:00:00,24502.0,24520.0,24480.0,24496.0
2020-07-31 00:15:00,24498.0,24544.0,24498.0,24530.0
2020-07-31 00:30:00,24539.0,24547.0,24527.0,24542.0
2020-07-31 00:45:00,24544.0,24584.0,24541.0,24582.0
2020-07-31 01:00:00,24580.0,24628.0,24570.0,24628.0
2020-07-31 01:15:00,24624.0,24639.0,24611.0,24626.0
2020-07-31 01:30:00,24625.0,24636.0,24614.0,24636.0
2020-07-31 01:45:00,24635.0,24642.0,24621.0,24636.0
2020-07-31 02:00:00,24637.0,24645.0,24621.0,24637.0
2020-07-31 02:15:00,24637.0,24647.0,24614.0,24629.0
2020-07-31 02:30:00,24634.0,24664.0,24634.0,24649.0
2020-07-31 02:45:00,24648.0,24654.0,24633.0,24650.0
2020-07-31 03:00:00,,,,
2020-07-31 03:15:00,,,,
2020-07-31 03:30:00,,,,
2020-07-31 03:45:00,,,,
2020-07-31 04:00:00,,,,
2020-07-31 04:15:00,,,,
2020-07-31 04:30:00,,,,
2020-07-31 04:45:00,,,,
2020-07-31 05:00:00,,,,
2020-07-31 05:15:00,,,,
2020-07-31 05:30:00,,,,
2020-07-31 05:45:00,,,,
2020-07-31 06:00:00,,,,
2020-07-31 06:15:00,,,,
2020-07-31 06:30:00,,,,
2020-07-31 06:45:00,,,,
2020-07-31 07:00:00,,,,
2020-07-31 07:15:00,,,,
2020-07-31 07:30:00,,,,
2020-07-31 07:45:00,,,,
2020-07-31 08:00:00,,,,
2020-07-31 08:15:00,,,,
2020-07-31 08:30:00,,,,
2020-07-31 08:45:00,,,,
2020-07-31 09:00:00,,,,
2020-07-31 09:15:00,,,,
2020-07-31 09:30:00,,,,
2020-07-31 09:45:00,,,,
2020-07-31 10:00:00,,,,
2020-07-31 10:15:00,,,,
2020-07-31 10:30:00,,,,
2020-07-31 10:45:00,,,,
2020-07-31 11:00:00,,,,
2020-07-31 11:15:00,,,,
2020-07-31 11:30:00,,,,
2020-07-31 11:45:00,,,,
2020-07-31 12:00:00,,,,
2020-07-31 12:15:00,,,,
2020-07-31 12:30:00,,,,
2020-07-31 12:45:00,,,,
2020-07-31 13:00:00,,,,
2020-07-31 13:15:00,,,,
2020-07-31 13:30:00,,,,
2020-07-31 13:45:00,,,,
2020-07-31 14:00:00,,,,
2020-07-31 14:15:00,,,,
2020-07-31 14:30:00,,,,
2020-07-31 14:45:00,,,,
2020-07-31 15:00:00,,,,
2020-07-31 15:15:00,,,,
2020-07-31 15:30:00,,,,
2020-07-31 15:45:00,,,,
2020-07-31 16:00:00,,,,
2020-07-31 16:15:00,,,,
2020-07-31 16:30:00,,,,
2020-07-31 16:45:00,,,,
2020-07-31 17:00:00,,,,
2020-07-31 17:15:00,24566.0,24593.0,24538.0,24565.0
2020-07-31 17:30:00,24565.0,24566.0,24535.0,24545.0
2020-07-31 17:45:00,24543.0,24549.0,24509.0,24513.0
2020-07-31 18:00:00,24513.0,24547.0,24510.0,24542.0
2020-07-31 18:15:00,24538.0,24563.0,24523.0,24556.0
2020-07-31 18:30:00,24560.0,24564.0,24535.0,24562.0
2020-07-31 18:45:00,24562.0,24569.0,24544.0,24553.0
2020-07-31 19:00:00,24560.0,24580.0,24551.0,24569.0
2020-07-31 19:15:00,24570.0,24570.0,24532.0,24532.0
2020-07-31 19:30:00,24532.0,24542.0,24513.0,24518.0
2020-07-31 19:45:00,24519.0,24526.0,24507.0,24516.0
2020-07-31 20:00:00,24515.0,24536.0,24510.0,24510.0
2020-07-31 20:15:00,24511.0,24528.0,24499.0,24507.0
2020-07-31 20:30:00,24508.0,24514.0,24500.0,24510.0
2020-07-31 20:45:00,24511.0,24528.0,24508.0,24510.0
2020-07-31 21:00:00,24510.0,24525.0,24494.0,24521.0
2020-07-31 21:15:00,24521.0,24532.0,24512.0,24527.0
2020-07-31 21:30:00,24528.0,24541.0,24413.0,24464.0
2020-07-31 21:45:00,24464.0,24520.0,24449.0,24517.0
2020-07-31 22:00:00,24519.0,24522.0,24454.0,24476.0
2020-07-31 22:15:00,24470.0,24470.0,24415.0,24417.0
2020-07-31 22:30:00,24416.0,24450.0,24404.0,24422.0
2020-07-31 22:45:00,24422.0,24423.0,24375.0,24416.0
2020-07-31 23:00:00,24416.0,24440.0,24399.0,24437.0
2020-07-31 23:15:00,24435.0,24449.0,24417.0,24433.0
2020-07-31 23:30:00,24434.0,24436.0,24373.0,24382.0
2020-07-31 23:45:00,24381.0,24405.0,24357.0,24369.0
2020-08-01 00:00:00,24369.0,24381.0,24329.0,24337.0
2020-08-01 00:15:00,24338.0,24348.0,24312.0,24333.0
2020-08-01 00:30:00,24334.0,24335.0,24297.0,24311.0
2020-08-01 00:45:00,24309.0,24312.0,24291.0,24307.0
2020-08-01 01:00:00,24305.0,24323.0,24297.0,24304.0
2020-08-01 01:15:00,24304.0,24320.0,24301.0,24312.0
2020-08-01 01:30:00,24310.0,24319.0,24297.0,24314.0
2020-08-01 01:45:00,24310.0,24316.0,24291.0,24293.0
2020-08-01 02:00:00,24293.0,24311.0,24275.0,24277.0
2020-08-01 02:15:00,24276.0,24290.0,24273.0,24286.0
2020-08-01 02:30:00,24284.0,24303.0,24281.0,24300.0
2020-08-01 02:45:00,24303.0,24378.0,24293.0,24378.0
